date,disease,patient_count
01-01-2019 00:00,1,9941
02-01-2019 00:00,1,9917
03-01-2019 00:00,1,9820
04-01-2019 00:00,1,9800
05-01-2019 00:00,1,9934
06-01-2019 00:00,1,9956
07-01-2019 00:00,1,9922
08-01-2019 00:00,1,9950
09-01-2019 00:00,1,9860
10-01-2019 00:00,1,9685
11-01-2019 00:00,1,9610
12-01-2019 00:00,1,9669
13-01-2019 00:00,1,9801
14-01-2019 00:00,1,9851
15-01-2019 00:00,1,9811
16-01-2019 00:00,1,9787
17-01-2019 00:00,1,9744
18-01-2019 00:00,1,9889
19-01-2019 00:00,1,9890
20-01-2019 00:00,1,9895
21-01-2019 00:00,1,9874
22-01-2019 00:00,1,9849
23-01-2019 00:00,1,9850
24-01-2019 00:00,1,9995
25-01-2019 00:00,1,9995
26-01-2019 00:00,1,10015
27-01-2019 00:00,1,10060
28-01-2019 00:00,1,9955
29-01-2019 00:00,1,9936
30-01-2019 00:00,1,9927
31-01-2019 00:00,1,10004
01-02-2019 00:00,1,10081
02-02-2019 00:00,1,10087
03-02-2019 00:00,1,10082
04-02-2019 00:00,1,10058
05-02-2019 00:00,1,9924
06-02-2019 00:00,1,9896
07-02-2019 00:00,1,9988
08-02-2019 00:00,1,10017
09-02-2019 00:00,1,9813
10-02-2019 00:00,1,9754
11-02-2019 00:00,1,9671
12-02-2019 00:00,1,9678
13-02-2019 00:00,1,9777
14-02-2019 00:00,1,9859
15-02-2019 00:00,1,9887
16-02-2019 00:00,1,9920
17-02-2019 00:00,1,9878
18-02-2019 00:00,1,9829
19-02-2019 00:00,1,9786
20-02-2019 00:00,1,9909
21-02-2019 00:00,1,9999
22-02-2019 00:00,1,10009
23-02-2019 00:00,1,9986
24-02-2019 00:00,1,9990
25-02-2019 00:00,1,9899
26-02-2019 00:00,1,9954
27-02-2019 00:00,1,10073
28-02-2019 00:00,1,10073
01-03-2019 00:00,1,10106
02-03-2019 00:00,1,10159
03-03-2019 00:00,1,10149
04-03-2019 00:00,1,10034
05-03-2019 00:00,1,10034
06-03-2019 00:00,1,10143
07-03-2019 00:00,1,10126
08-03-2019 00:00,1,10129
09-03-2019 00:00,1,10077
10-03-2019 00:00,1,9995
11-03-2019 00:00,1,9736
12-03-2019 00:00,1,9735
13-03-2019 00:00,1,9889
14-03-2019 00:00,1,9954
15-03-2019 00:00,1,9989
16-03-2019 00:00,1,9995
17-03-2019 00:00,1,9983
18-03-2019 00:00,1,9895
19-03-2019 00:00,1,9834
20-03-2019 00:00,1,9941
21-03-2019 00:00,1,10005
22-03-2019 00:00,1,10038
23-03-2019 00:00,1,10011
24-03-2019 00:00,1,10005
25-03-2019 00:00,1,10041
26-03-2019 00:00,1,10017
27-03-2019 00:00,1,9898
28-03-2019 00:00,1,9928
29-03-2019 00:00,1,10052
30-03-2019 00:00,1,10075
31-03-2019 00:00,1,10087
01-04-2019 00:00,1,10019
02-04-2019 00:00,1,9827
03-04-2019 00:00,1,9794
04-04-2019 00:00,1,9986
05-04-2019 00:00,1,10002
06-04-2019 00:00,1,9977
07-04-2019 00:00,1,9946
08-04-2019 00:00,1,9928
09-04-2019 00:00,1,9928
10-04-2019 00:00,1,9983
11-04-2019 00:00,1,10097
12-04-2019 00:00,1,10109
13-04-2019 00:00,1,10129
14-04-2019 00:00,1,10089
15-04-2019 00:00,1,10110
16-04-2019 00:00,1,10010
17-04-2019 00:00,1,10027
18-04-2019 00:00,1,10104
19-04-2019 00:00,1,10167
20-04-2019 00:00,1,10169
21-04-2019 00:00,1,10150
22-04-2019 00:00,1,9924
23-04-2019 00:00,1,9901
24-04-2019 00:00,1,9965
25-04-2019 00:00,1,10011
26-04-2019 00:00,1,9872
27-04-2019 00:00,1,9942
28-04-2019 00:00,1,10003
29-04-2019 00:00,1,9959
30-04-2019 00:00,1,9921
01-05-2019 00:00,1,10038
02-05-2019 00:00,1,10021
03-05-2019 00:00,1,9618
04-05-2019 00:00,1,9919
05-05-2019 00:00,1,9950
06-05-2019 00:00,1,10001
07-05-2019 00:00,1,10004
08-05-2019 00:00,1,10078
09-05-2019 00:00,1,10103
10-05-2019 00:00,1,10207
11-05-2019 00:00,1,10151
12-05-2019 00:00,1,10103
13-05-2019 00:00,1,10047
14-05-2019 00:00,1,10026
15-05-2019 00:00,1,10113
16-05-2019 00:00,1,10122
17-05-2019 00:00,1,10142
18-05-2019 00:00,1,10144
19-05-2019 00:00,1,10157
20-05-2019 00:00,1,10086
21-05-2019 00:00,1,10123
22-05-2019 00:00,1,10168
23-05-2019 00:00,1,10244
24-05-2019 00:00,1,10272
25-05-2019 00:00,1,10309
26-05-2019 00:00,1,10361
27-05-2019 00:00,1,10309
28-05-2019 00:00,1,10282
29-05-2019 00:00,1,10344
30-05-2019 00:00,1,10359
31-05-2019 00:00,1,10362
01-06-2019 00:00,1,10394
02-06-2019 00:00,1,10343
03-06-2019 00:00,1,10111
04-06-2019 00:00,1,10099
05-06-2019 00:00,1,10114
06-06-2019 00:00,1,10211
07-06-2019 00:00,1,10233
08-06-2019 00:00,1,10266
09-06-2019 00:00,1,10274
10-06-2019 00:00,1,10192
11-06-2019 00:00,1,10163
12-06-2019 00:00,1,10276
13-06-2019 00:00,1,10346
14-06-2019 00:00,1,10392
15-06-2019 00:00,1,10364
16-06-2019 00:00,1,10374
17-06-2019 00:00,1,10259
18-06-2019 00:00,1,10263
19-06-2019 00:00,1,10340
20-06-2019 00:00,1,10397
21-06-2019 00:00,1,10398
22-06-2019 00:00,1,10388
23-06-2019 00:00,1,10378
24-06-2019 00:00,1,10224
25-06-2019 00:00,1,10292
26-06-2019 00:00,1,10375
27-06-2019 00:00,1,10404
28-06-2019 00:00,1,10382
29-06-2019 00:00,1,10357
30-06-2019 00:00,1,10215
01-07-2019 00:00,1,10135
02-07-2019 00:00,1,10239
03-07-2019 00:00,1,10275
04-07-2019 00:00,1,10278
05-07-2019 00:00,1,10311
06-07-2019 00:00,1,10209
07-07-2019 00:00,1,10163
08-07-2019 00:00,1,10233
09-07-2019 00:00,1,10309
10-07-2019 00:00,1,10239
11-07-2019 00:00,1,10332
12-07-2019 00:00,1,10318
13-07-2019 00:00,1,10188
14-07-2019 00:00,1,10181
15-07-2019 00:00,1,10337
16-07-2019 00:00,1,10389
17-07-2019 00:00,1,10360
18-07-2019 00:00,1,10419
19-07-2019 00:00,1,10387
20-07-2019 00:00,1,10233
21-07-2019 00:00,1,10202
22-07-2019 00:00,1,10348
23-07-2019 00:00,1,10430
24-07-2019 00:00,1,10453
25-07-2019 00:00,1,10441
26-07-2019 00:00,1,10424
27-07-2019 00:00,1,10260
28-07-2019 00:00,1,10284
29-07-2019 00:00,1,10381
30-07-2019 00:00,1,10374
31-07-2019 00:00,1,10268
01-08-2019 00:00,1,10285
02-08-2019 00:00,1,10209
03-08-2019 00:00,1,10157
04-08-2019 00:00,1,10146
05-08-2019 00:00,1,10286
06-08-2019 00:00,1,10334
07-08-2019 00:00,1,10308
08-08-2019 00:00,1,10340
09-08-2019 00:00,1,10309
10-08-2019 00:00,1,10241
11-08-2019 00:00,1,10202
12-08-2019 00:00,1,10275
13-08-2019 00:00,1,10324
14-08-2019 00:00,1,10434
15-08-2019 00:00,1,10443
16-08-2019 00:00,1,10446
17-08-2019 00:00,1,10386
18-08-2019 00:00,1,10311
19-08-2019 00:00,1,10408
20-08-2019 00:00,1,10485
21-08-2019 00:00,1,10492
22-08-2019 00:00,1,10514
23-08-2019 00:00,1,10507
24-08-2019 00:00,1,10387
25-08-2019 00:00,1,10419
26-08-2019 00:00,1,10488
27-08-2019 00:00,1,10533
28-08-2019 00:00,1,10610
29-08-2019 00:00,1,10579
30-08-2019 00:00,1,10378
31-08-2019 00:00,1,10211
01-09-2019 00:00,1,10208
02-09-2019 00:00,1,10348
03-09-2019 00:00,1,10382
04-09-2019 00:00,1,10390
05-09-2019 00:00,1,10405
06-09-2019 00:00,1,10412
07-09-2019 00:00,1,10347
08-09-2019 00:00,1,10290
09-09-2019 00:00,1,10329
10-09-2019 00:00,1,10424
11-09-2019 00:00,1,10467
12-09-2019 00:00,1,10482
13-09-2019 00:00,1,10447
14-09-2019 00:00,1,10320
15-09-2019 00:00,1,10319
16-09-2019 00:00,1,10437
17-09-2019 00:00,1,10429
18-09-2019 00:00,1,10413
19-09-2019 00:00,1,10408
20-09-2019 00:00,1,10429
21-09-2019 00:00,1,10357
22-09-2019 00:00,1,10337
23-09-2019 00:00,1,10295
24-09-2019 00:00,1,10333
25-09-2019 00:00,1,10407
26-09-2019 00:00,1,10404
27-09-2019 00:00,1,10434
28-09-2019 00:00,1,10282
29-09-2019 00:00,1,10310
30-09-2019 00:00,1,10392
01-10-2019 00:00,1,10367
02-10-2019 00:00,1,10363
03-10-2019 00:00,1,10348
04-10-2019 00:00,1,10363
05-10-2019 00:00,1,10276
06-10-2019 00:00,1,10233
07-10-2019 00:00,1,10333
08-10-2019 00:00,1,10405
09-10-2019 00:00,1,10422
10-10-2019 00:00,1,10422
11-10-2019 00:00,1,10394
12-10-2019 00:00,1,10317
13-10-2019 00:00,1,10297
14-10-2019 00:00,1,10323
15-10-2019 00:00,1,10417
16-10-2019 00:00,1,10393
17-10-2019 00:00,1,10411
18-10-2019 00:00,1,10425
19-10-2019 00:00,1,10328
20-10-2019 00:00,1,10332
21-10-2019 00:00,1,10418
22-10-2019 00:00,1,10336
23-10-2019 00:00,1,10313
24-10-2019 00:00,1,10394
25-10-2019 00:00,1,10388
26-10-2019 00:00,1,10338
27-10-2019 00:00,1,10281
28-10-2019 00:00,1,10240
29-10-2019 00:00,1,10237
30-10-2019 00:00,1,10366
31-10-2019 00:00,1,10407
01-11-2019 00:00,1,10451
02-11-2019 00:00,1,10442
03-11-2019 00:00,1,10416
04-11-2019 00:00,1,10379
05-11-2019 00:00,1,10331
06-11-2019 00:00,1,10478
07-11-2019 00:00,1,10537
08-11-2019 00:00,1,10575
09-11-2019 00:00,1,10565
10-11-2019 00:00,1,10537
11-11-2019 00:00,1,10457
12-11-2019 00:00,1,10475
13-11-2019 00:00,1,10569
14-11-2019 00:00,1,10599
15-11-2019 00:00,1,10588
16-11-2019 00:00,1,10624
17-11-2019 00:00,1,10614
18-11-2019 00:00,1,10517
19-11-2019 00:00,1,10459
20-11-2019 00:00,1,10558
21-11-2019 00:00,1,10600
22-11-2019 00:00,1,10588
23-11-2019 00:00,1,10519
24-11-2019 00:00,1,10319
25-11-2019 00:00,1,10358
26-11-2019 00:00,1,10482
27-11-2019 00:00,1,10494
28-11-2019 00:00,1,10531
29-11-2019 00:00,1,10539
30-11-2019 00:00,1,10544
01-12-2019 00:00,1,10468
02-12-2019 00:00,1,10418
03-12-2019 00:00,1,10540
04-12-2019 00:00,1,10598
05-12-2019 00:00,1,10620
06-12-2019 00:00,1,10631
07-12-2019 00:00,1,10612
08-12-2019 00:00,1,10522
09-12-2019 00:00,1,10463
10-12-2019 00:00,1,10554
11-12-2019 00:00,1,10626
12-12-2019 00:00,1,10639
13-12-2019 00:00,1,10641
14-12-2019 00:00,1,10611
15-12-2019 00:00,1,10560
16-12-2019 00:00,1,10561
17-12-2019 00:00,1,10636
18-12-2019 00:00,1,10667
19-12-2019 00:00,1,10695
20-12-2019 00:00,1,10669
21-12-2019 00:00,1,10636
22-12-2019 00:00,1,10490
23-12-2019 00:00,1,10502
24-12-2019 00:00,1,10545
25-12-2019 00:00,1,10605
26-12-2019 00:00,1,10637
27-12-2019 00:00,1,10607
28-12-2019 00:00,1,10646
29-12-2019 00:00,1,10568
30-12-2019 00:00,1,10614
31-12-2019 00:00,1,10686
01-01-2020 00:00,1,10742
02-01-2020 00:00,1,10767
03-01-2020 00:00,1,10731
04-01-2020 00:00,1,10732
05-01-2020 00:00,1,10682
06-01-2020 00:00,1,10680
07-01-2020 00:00,1,10797
08-01-2020 00:00,1,10790
09-01-2020 00:00,1,10822
10-01-2020 00:00,1,10840
11-01-2020 00:00,1,10798
12-01-2020 00:00,1,10803
13-01-2020 00:00,1,10785
14-01-2020 00:00,1,10849
15-01-2020 00:00,1,10863
16-01-2020 00:00,1,10855
17-01-2020 00:00,1,10902
18-01-2020 00:00,1,10837
19-01-2020 00:00,1,10714
20-01-2020 00:00,1,10755
21-01-2020 00:00,1,10847
22-01-2020 00:00,1,10742
23-01-2020 00:00,1,10763
24-01-2020 00:00,1,10902
25-01-2020 00:00,1,10817
26-01-2020 00:00,1,10865
27-01-2020 00:00,1,10935
28-01-2020 00:00,1,10995
29-01-2020 00:00,1,10958
30-01-2020 00:00,1,10876
31-01-2020 00:00,1,10886
01-02-2020 00:00,1,11009
02-02-2020 00:00,1,11025
03-02-2020 00:00,1,11044
04-02-2020 00:00,1,11114
05-02-2020 00:00,1,11114
06-02-2020 00:00,1,10986
07-02-2020 00:00,1,10968
08-02-2020 00:00,1,11088
09-02-2020 00:00,1,11063
10-02-2020 00:00,1,11086
11-02-2020 00:00,1,11082
12-02-2020 00:00,1,11036
13-02-2020 00:00,1,10932
14-02-2020 00:00,1,10982
15-02-2020 00:00,1,11071
16-02-2020 00:00,1,11075
17-02-2020 00:00,1,11076
18-02-2020 00:00,1,11067
19-02-2020 00:00,1,11045
20-02-2020 00:00,1,11024
21-02-2020 00:00,1,11006
22-02-2020 00:00,1,11109
23-02-2020 00:00,1,11120
24-02-2020 00:00,1,11127
25-02-2020 00:00,1,11138
26-02-2020 00:00,1,11186
27-02-2020 00:00,1,11115
28-02-2020 00:00,1,11147
29-02-2020 00:00,1,11201
01-03-2020 00:00,1,11243
02-03-2020 00:00,1,11277
03-03-2020 00:00,1,11305
04-03-2020 00:00,1,11294
05-03-2020 00:00,1,11256
06-03-2020 00:00,1,11233
07-03-2020 00:00,1,11254
08-03-2020 00:00,1,11252
09-03-2020 00:00,1,11256
10-03-2020 00:00,1,11233
11-03-2020 00:00,1,11254
12-03-2020 00:00,1,11265
13-03-2020 00:00,1,11250
14-03-2020 00:00,1,11140
15-03-2020 00:00,1,11197
16-03-2020 00:00,1,11218
17-03-2020 00:00,1,11266
18-03-2020 00:00,1,11262
19-03-2020 00:00,1,11292
20-03-2020 00:00,1,11302
21-03-2020 00:00,1,11295
22-03-2020 00:00,1,11240
23-03-2020 00:00,1,11248
24-03-2020 00:00,1,11308
25-03-2020 00:00,1,11343
26-03-2020 00:00,1,11349
27-03-2020 00:00,1,11334
28-03-2020 00:00,1,11325
29-03-2020 00:00,1,11244
30-03-2020 00:00,1,11229
31-03-2020 00:00,1,11324
01-04-2020 00:00,1,11392
02-04-2020 00:00,1,11395
03-04-2020 00:00,1,11390
04-04-2020 00:00,1,11393
05-04-2020 00:00,1,11335
06-04-2020 00:00,1,11296
07-04-2020 00:00,1,11366
08-04-2020 00:00,1,11357
09-04-2020 00:00,1,11318
10-04-2020 00:00,1,11198
11-04-2020 00:00,1,11248
12-04-2020 00:00,1,11270
13-04-2020 00:00,1,11256
14-04-2020 00:00,1,11322
15-04-2020 00:00,1,11399
16-04-2020 00:00,1,11318
17-04-2020 00:00,1,11000
18-04-2020 00:00,1,11239
19-04-2020 00:00,1,11236
20-04-2020 00:00,1,11247
21-04-2020 00:00,1,11360
22-04-2020 00:00,1,11405
23-04-2020 00:00,1,11451
24-04-2020 00:00,1,11474
25-04-2020 00:00,1,11473
26-04-2020 00:00,1,11366
27-04-2020 00:00,1,11424
28-04-2020 00:00,1,11489
29-04-2020 00:00,1,11513
30-04-2020 00:00,1,11548
01-05-2020 00:00,1,11548
02-05-2020 00:00,1,11538
03-05-2020 00:00,1,11536
04-05-2020 00:00,1,11481
05-05-2020 00:00,1,11530
06-05-2020 00:00,1,11581
07-05-2020 00:00,1,11629
08-05-2020 00:00,1,11638
09-05-2020 00:00,1,11666
10-05-2020 00:00,1,11583
11-05-2020 00:00,1,11596
12-05-2020 00:00,1,11667
13-05-2020 00:00,1,11715
14-05-2020 00:00,1,11727
15-05-2020 00:00,1,11727
16-05-2020 00:00,1,11713
17-05-2020 00:00,1,11713
18-05-2020 00:00,1,11599
19-05-2020 00:00,1,11613
20-05-2020 00:00,1,11654
21-05-2020 00:00,1,11721
22-05-2020 00:00,1,11703
23-05-2020 00:00,1,11678
24-05-2020 00:00,1,11618
25-05-2020 00:00,1,11736
26-05-2020 00:00,1,11771
27-05-2020 00:00,1,11775
28-05-2020 00:00,1,11809
29-05-2020 00:00,1,11773
30-05-2020 00:00,1,11674
31-05-2020 00:00,1,11771
01-06-2020 00:00,1,11823
02-06-2020 00:00,1,11823
03-06-2020 00:00,1,11847
04-06-2020 00:00,1,11886
05-06-2020 00:00,1,11862
06-06-2020 00:00,1,11851
07-06-2020 00:00,1,11776
08-06-2020 00:00,1,11835
09-06-2020 00:00,1,11875
10-06-2020 00:00,1,11896
11-06-2020 00:00,1,11904
12-06-2020 00:00,1,11850
13-06-2020 00:00,1,11769
14-06-2020 00:00,1,11793
15-06-2020 00:00,1,11852
16-06-2020 00:00,1,11850
17-06-2020 00:00,1,11860
18-06-2020 00:00,1,11882
19-06-2020 00:00,1,11861
20-06-2020 00:00,1,11815
21-06-2020 00:00,1,11791
22-06-2020 00:00,1,11839
23-06-2020 00:00,1,11826
24-06-2020 00:00,1,11868
25-06-2020 00:00,1,11809
26-06-2020 00:00,1,11884
27-06-2020 00:00,1,11876
28-06-2020 00:00,1,11908
29-06-2020 00:00,1,11857
30-06-2020 00:00,1,11841
01-07-2020 00:00,1,11779
02-07-2020 00:00,1,11884
03-07-2020 00:00,1,11908
04-07-2020 00:00,1,11915
05-07-2020 00:00,1,11941
06-07-2020 00:00,1,11851
07-07-2020 00:00,1,11844
08-07-2020 00:00,1,11814
09-07-2020 00:00,1,11890
10-07-2020 00:00,1,11893
11-07-2020 00:00,1,11853
12-07-2020 00:00,1,11769
13-07-2020 00:00,1,11731
14-07-2020 00:00,1,11699
15-07-2020 00:00,1,11755
16-07-2020 00:00,1,11821
17-07-2020 00:00,1,11837
18-07-2020 00:00,1,11877
19-07-2020 00:00,1,11926
20-07-2020 00:00,1,11909
21-07-2020 00:00,1,11833
22-07-2020 00:00,1,11813
23-07-2020 00:00,1,11895
24-07-2020 00:00,1,11937
25-07-2020 00:00,1,11933
26-07-2020 00:00,1,11923
27-07-2020 00:00,1,11900
28-07-2020 00:00,1,11804
29-07-2020 00:00,1,11728
30-07-2020 00:00,1,11861
31-07-2020 00:00,1,11905
01-08-2020 00:00,1,11936
02-08-2020 00:00,1,11928
03-08-2020 00:00,1,11850
04-08-2020 00:00,1,11811
05-08-2020 00:00,1,11870
06-08-2020 00:00,1,11907
07-08-2020 00:00,1,11884
08-08-2020 00:00,1,11904
09-08-2020 00:00,1,11855
10-08-2020 00:00,1,11629
11-08-2020 00:00,1,11568
12-08-2020 00:00,1,11761
13-08-2020 00:00,1,11782
14-08-2020 00:00,1,11774
15-08-2020 00:00,1,11843
16-08-2020 00:00,1,11804
17-08-2020 00:00,1,11721
18-08-2020 00:00,1,11746
19-08-2020 00:00,1,11764
20-08-2020 00:00,1,11836
21-08-2020 00:00,1,11829
22-08-2020 00:00,1,11881
23-08-2020 00:00,1,11860
24-08-2020 00:00,1,11899
25-08-2020 00:00,1,11850
26-08-2020 00:00,1,11909
27-08-2020 00:00,1,11926
28-08-2020 00:00,1,11810
29-08-2020 00:00,1,11808
30-08-2020 00:00,1,11835
31-08-2020 00:00,1,11875
01-09-2020 00:00,1,11920
02-09-2020 00:00,1,11931
03-09-2020 00:00,1,11835
04-09-2020 00:00,1,11760
05-09-2020 00:00,1,11845
06-09-2020 00:00,1,11923
07-09-2020 00:00,1,11927
08-09-2020 00:00,1,11930
09-09-2020 00:00,1,11876
10-09-2020 00:00,1,11868
11-09-2020 00:00,1,11811
12-09-2020 00:00,1,11865
13-09-2020 00:00,1,11912
14-09-2020 00:00,1,11886
15-09-2020 00:00,1,11940
16-09-2020 00:00,1,11862
17-09-2020 00:00,1,11824
18-09-2020 00:00,1,11831
19-09-2020 00:00,1,11897
20-09-2020 00:00,1,11970
21-09-2020 00:00,1,11980
22-09-2020 00:00,1,11974
23-09-2020 00:00,1,11960
24-09-2020 00:00,1,11880
25-09-2020 00:00,1,11919
26-09-2020 00:00,1,11925
27-09-2020 00:00,1,11975
28-09-2020 00:00,1,12019
29-09-2020 00:00,1,12023
30-09-2020 00:00,1,11993
01-10-2020 00:00,1,11928
02-10-2020 00:00,1,11968
03-10-2020 00:00,1,11981
04-10-2020 00:00,1,11994
05-10-2020 00:00,1,11994
06-10-2020 00:00,1,11990
07-10-2020 00:00,1,11889
08-10-2020 00:00,1,11838
09-10-2020 00:00,1,11758
10-10-2020 00:00,1,11892
11-10-2020 00:00,1,11937
12-10-2020 00:00,1,11960
13-10-2020 00:00,1,11987
14-10-2020 00:00,1,11997
15-10-2020 00:00,1,11939
16-10-2020 00:00,1,11902
17-10-2020 00:00,1,11952
18-10-2020 00:00,1,11995
19-10-2020 00:00,1,11997
20-10-2020 00:00,1,12033
21-10-2020 00:00,1,12026
22-10-2020 00:00,1,11959
23-10-2020 00:00,1,11915
24-10-2020 00:00,1,11949
25-10-2020 00:00,1,12038
26-10-2020 00:00,1,12061
27-10-2020 00:00,1,12054
28-10-2020 00:00,1,12013
29-10-2020 00:00,1,11948
30-10-2020 00:00,1,11946
31-10-2020 00:00,1,12000
01-11-2020 00:00,1,12034
02-11-2020 00:00,1,12044
03-11-2020 00:00,1,12075
04-11-2020 00:00,1,12062
05-11-2020 00:00,1,11954
06-11-2020 00:00,1,11892
07-11-2020 00:00,1,11964
08-11-2020 00:00,1,12038
09-11-2020 00:00,1,12038
10-11-2020 00:00,1,12023
11-11-2020 00:00,1,12095
12-11-2020 00:00,1,12066
13-11-2020 00:00,1,11951
14-11-2020 00:00,1,11947
15-11-2020 00:00,1,12071
16-11-2020 00:00,1,12116
17-11-2020 00:00,1,12125
18-11-2020 00:00,1,12145
19-11-2020 00:00,1,12145
20-11-2020 00:00,1,12078
21-11-2020 00:00,1,12023
22-11-2020 00:00,1,12111
23-11-2020 00:00,1,12134
24-11-2020 00:00,1,12153
25-11-2020 00:00,1,12150
26-11-2020 00:00,1,12134
27-11-2020 00:00,1,12074
28-11-2020 00:00,1,12011
29-11-2020 00:00,1,12118
30-11-2020 00:00,1,12159
01-12-2020 00:00,1,12145
02-12-2020 00:00,1,12109
03-12-2020 00:00,1,12159
04-12-2020 00:00,1,12077
05-12-2020 00:00,1,12088
06-12-2020 00:00,1,12153
07-12-2020 00:00,1,12210
08-12-2020 00:00,1,12143
09-12-2020 00:00,1,12132
10-12-2020 00:00,1,12125
11-12-2020 00:00,1,12067
12-12-2020 00:00,1,12046
13-12-2020 00:00,1,12065
14-12-2020 00:00,1,12160
15-12-2020 00:00,1,12179
16-12-2020 00:00,1,12225
17-12-2020 00:00,1,12249
18-12-2020 00:00,1,12165
19-12-2020 00:00,1,12183
20-12-2020 00:00,1,12264
21-12-2020 00:00,1,12273
22-12-2020 00:00,1,12300
23-12-2020 00:00,1,12296
24-12-2020 00:00,1,12297
25-12-2020 00:00,1,12245
26-12-2020 00:00,1,12229
27-12-2020 00:00,1,12311
28-12-2020 00:00,1,12327
29-12-2020 00:00,1,12327
30-12-2020 00:00,1,12396
31-12-2020 00:00,1,12398
01-01-2019 00:00,2,2710
02-01-2019 00:00,2,2716
03-01-2019 00:00,2,2671
04-01-2019 00:00,2,2690
05-01-2019 00:00,2,2704
06-01-2019 00:00,2,2704
07-01-2019 00:00,2,2713
08-01-2019 00:00,2,2721
09-01-2019 00:00,2,2709
10-01-2019 00:00,2,2653
11-01-2019 00:00,2,2661
12-01-2019 00:00,2,2672
13-01-2019 00:00,2,2707
14-01-2019 00:00,2,2741
15-01-2019 00:00,2,2723
16-01-2019 00:00,2,2731
17-01-2019 00:00,2,2588
18-01-2019 00:00,2,2744
19-01-2019 00:00,2,2743
20-01-2019 00:00,2,2729
21-01-2019 00:00,2,2750
22-01-2019 00:00,2,2743
23-01-2019 00:00,2,2752
24-01-2019 00:00,2,2773
25-01-2019 00:00,2,2773
26-01-2019 00:00,2,2794
27-01-2019 00:00,2,2783
28-01-2019 00:00,2,2783
29-01-2019 00:00,2,2751
30-01-2019 00:00,2,2738
31-01-2019 00:00,2,2777
01-02-2019 00:00,2,2801
02-02-2019 00:00,2,2782
03-02-2019 00:00,2,2787
04-02-2019 00:00,2,2771
05-02-2019 00:00,2,2739
06-02-2019 00:00,2,2718
07-02-2019 00:00,2,2724
08-02-2019 00:00,2,2742
09-02-2019 00:00,2,2684
10-02-2019 00:00,2,2681
11-02-2019 00:00,2,2672
12-02-2019 00:00,2,2666
13-02-2019 00:00,2,2685
14-02-2019 00:00,2,2726
15-02-2019 00:00,2,2722
16-02-2019 00:00,2,2728
17-02-2019 00:00,2,2717
18-02-2019 00:00,2,2738
19-02-2019 00:00,2,2705
20-02-2019 00:00,2,2741
21-02-2019 00:00,2,2751
22-02-2019 00:00,2,2758
23-02-2019 00:00,2,2752
24-02-2019 00:00,2,2774
25-02-2019 00:00,2,2743
26-02-2019 00:00,2,2749
27-02-2019 00:00,2,2776
28-02-2019 00:00,2,2777
01-03-2019 00:00,2,2787
02-03-2019 00:00,2,2801
03-03-2019 00:00,2,2793
04-03-2019 00:00,2,2759
05-03-2019 00:00,2,2770
06-03-2019 00:00,2,2793
07-03-2019 00:00,2,2774
08-03-2019 00:00,2,2787
09-03-2019 00:00,2,2795
10-03-2019 00:00,2,2773
11-03-2019 00:00,2,2693
12-03-2019 00:00,2,2704
13-03-2019 00:00,2,2725
14-03-2019 00:00,2,2722
15-03-2019 00:00,2,2711
16-03-2019 00:00,2,2724
17-03-2019 00:00,2,2714
18-03-2019 00:00,2,2695
19-03-2019 00:00,2,2682
20-03-2019 00:00,2,2687
21-03-2019 00:00,2,2699
22-03-2019 00:00,2,2720
23-03-2019 00:00,2,2703
24-03-2019 00:00,2,2722
25-03-2019 00:00,2,2732
26-03-2019 00:00,2,2740
27-03-2019 00:00,2,2695
28-03-2019 00:00,2,2710
29-03-2019 00:00,2,2729
30-03-2019 00:00,2,2728
31-03-2019 00:00,2,2712
01-04-2019 00:00,2,2694
02-04-2019 00:00,2,2661
03-04-2019 00:00,2,2635
04-04-2019 00:00,2,2686
05-04-2019 00:00,2,2697
06-04-2019 00:00,2,2685
07-04-2019 00:00,2,2695
08-04-2019 00:00,2,2682
09-04-2019 00:00,2,2675
10-04-2019 00:00,2,2697
11-04-2019 00:00,2,2708
12-04-2019 00:00,2,2707
13-04-2019 00:00,2,2712
14-04-2019 00:00,2,2694
15-04-2019 00:00,2,2695
16-04-2019 00:00,2,2693
17-04-2019 00:00,2,2694
18-04-2019 00:00,2,2706
19-04-2019 00:00,2,2725
20-04-2019 00:00,2,2728
21-04-2019 00:00,2,2729
22-04-2019 00:00,2,2687
23-04-2019 00:00,2,2691
24-04-2019 00:00,2,2698
25-04-2019 00:00,2,2703
26-04-2019 00:00,2,2671
27-04-2019 00:00,2,2681
28-04-2019 00:00,2,2692
29-04-2019 00:00,2,2678
30-04-2019 00:00,2,2660
01-05-2019 00:00,2,2664
02-05-2019 00:00,2,2684
03-05-2019 00:00,2,2588
04-05-2019 00:00,2,2650
05-05-2019 00:00,2,2661
06-05-2019 00:00,2,2678
07-05-2019 00:00,2,2684
08-05-2019 00:00,2,2692
09-05-2019 00:00,2,2704
10-05-2019 00:00,2,2745
11-05-2019 00:00,2,2728
12-05-2019 00:00,2,2736
13-05-2019 00:00,2,2703
14-05-2019 00:00,2,2694
15-05-2019 00:00,2,2726
16-05-2019 00:00,2,2749
17-05-2019 00:00,2,2756
18-05-2019 00:00,2,2771
19-05-2019 00:00,2,2766
20-05-2019 00:00,2,2756
21-05-2019 00:00,2,2754
22-05-2019 00:00,2,2765
23-05-2019 00:00,2,2785
24-05-2019 00:00,2,2787
25-05-2019 00:00,2,2798
26-05-2019 00:00,2,2804
27-05-2019 00:00,2,2803
28-05-2019 00:00,2,2800
29-05-2019 00:00,2,2804
30-05-2019 00:00,2,2814
31-05-2019 00:00,2,2806
01-06-2019 00:00,2,2816
02-06-2019 00:00,2,2803
03-06-2019 00:00,2,2733
04-06-2019 00:00,2,2728
05-06-2019 00:00,2,2730
06-06-2019 00:00,2,2756
07-06-2019 00:00,2,2770
08-06-2019 00:00,2,2769
09-06-2019 00:00,2,2761
10-06-2019 00:00,2,2740
11-06-2019 00:00,2,2744
12-06-2019 00:00,2,2753
13-06-2019 00:00,2,2769
14-06-2019 00:00,2,2790
15-06-2019 00:00,2,2788
16-06-2019 00:00,2,2780
17-06-2019 00:00,2,2756
18-06-2019 00:00,2,2759
19-06-2019 00:00,2,2773
20-06-2019 00:00,2,2785
21-06-2019 00:00,2,2791
22-06-2019 00:00,2,2783
23-06-2019 00:00,2,2772
24-06-2019 00:00,2,2735
25-06-2019 00:00,2,2740
26-06-2019 00:00,2,2764
27-06-2019 00:00,2,2771
28-06-2019 00:00,2,2768
29-06-2019 00:00,2,2765
30-06-2019 00:00,2,2721
01-07-2019 00:00,2,2687
02-07-2019 00:00,2,2704
03-07-2019 00:00,2,2722
04-07-2019 00:00,2,2723
05-07-2019 00:00,2,2743
06-07-2019 00:00,2,2711
07-07-2019 00:00,2,2706
08-07-2019 00:00,2,2713
09-07-2019 00:00,2,2752
10-07-2019 00:00,2,2726
11-07-2019 00:00,2,2747
12-07-2019 00:00,2,2724
13-07-2019 00:00,2,2697
14-07-2019 00:00,2,2688
15-07-2019 00:00,2,2708
16-07-2019 00:00,2,2737
17-07-2019 00:00,2,2731
18-07-2019 00:00,2,2747
19-07-2019 00:00,2,2767
20-07-2019 00:00,2,2718
21-07-2019 00:00,2,2711
22-07-2019 00:00,2,2724
23-07-2019 00:00,2,2761
24-07-2019 00:00,2,2779
25-07-2019 00:00,2,2783
26-07-2019 00:00,2,2787
27-07-2019 00:00,2,2739
28-07-2019 00:00,2,2730
29-07-2019 00:00,2,2737
30-07-2019 00:00,2,2734
31-07-2019 00:00,2,2710
01-08-2019 00:00,2,2710
02-08-2019 00:00,2,2704
03-08-2019 00:00,2,2697
04-08-2019 00:00,2,2679
05-08-2019 00:00,2,2716
06-08-2019 00:00,2,2742
07-08-2019 00:00,2,2742
08-08-2019 00:00,2,2730
09-08-2019 00:00,2,2749
10-08-2019 00:00,2,2729
11-08-2019 00:00,2,2726
12-08-2019 00:00,2,2707
13-08-2019 00:00,2,2735
14-08-2019 00:00,2,2741
15-08-2019 00:00,2,2762
16-08-2019 00:00,2,2768
17-08-2019 00:00,2,2758
18-08-2019 00:00,2,2739
19-08-2019 00:00,2,2761
20-08-2019 00:00,2,2752
21-08-2019 00:00,2,2766
22-08-2019 00:00,2,2785
23-08-2019 00:00,2,2775
24-08-2019 00:00,2,2760
25-08-2019 00:00,2,2778
26-08-2019 00:00,2,2773
27-08-2019 00:00,2,2792
28-08-2019 00:00,2,2799
29-08-2019 00:00,2,2803
30-08-2019 00:00,2,2748
31-08-2019 00:00,2,2735
01-09-2019 00:00,2,2724
02-09-2019 00:00,2,2735
03-09-2019 00:00,2,2755
04-09-2019 00:00,2,2761
05-09-2019 00:00,2,2768
06-09-2019 00:00,2,2763
07-09-2019 00:00,2,2750
08-09-2019 00:00,2,2737
09-09-2019 00:00,2,2732
10-09-2019 00:00,2,2776
11-09-2019 00:00,2,2790
12-09-2019 00:00,2,2806
13-09-2019 00:00,2,2784
14-09-2019 00:00,2,2790
15-09-2019 00:00,2,2774
16-09-2019 00:00,2,2794
17-09-2019 00:00,2,2808
18-09-2019 00:00,2,2801
19-09-2019 00:00,2,2805
20-09-2019 00:00,2,2810
21-09-2019 00:00,2,2805
22-09-2019 00:00,2,2800
23-09-2019 00:00,2,2781
24-09-2019 00:00,2,2790
25-09-2019 00:00,2,2805
26-09-2019 00:00,2,2813
27-09-2019 00:00,2,2805
28-09-2019 00:00,2,2777
29-09-2019 00:00,2,2768
30-09-2019 00:00,2,2790
01-10-2019 00:00,2,2778
02-10-2019 00:00,2,2768
03-10-2019 00:00,2,2778
04-10-2019 00:00,2,2786
05-10-2019 00:00,2,2782
06-10-2019 00:00,2,2787
07-10-2019 00:00,2,2803
08-10-2019 00:00,2,2803
09-10-2019 00:00,2,2816
10-10-2019 00:00,2,2826
11-10-2019 00:00,2,2831
12-10-2019 00:00,2,2809
13-10-2019 00:00,2,2797
14-10-2019 00:00,2,2795
15-10-2019 00:00,2,2816
16-10-2019 00:00,2,2810
17-10-2019 00:00,2,2820
18-10-2019 00:00,2,2833
19-10-2019 00:00,2,2808
20-10-2019 00:00,2,2794
21-10-2019 00:00,2,2813
22-10-2019 00:00,2,2820
23-10-2019 00:00,2,2809
24-10-2019 00:00,2,2827
25-10-2019 00:00,2,2829
26-10-2019 00:00,2,2824
27-10-2019 00:00,2,2796
28-10-2019 00:00,2,2786
29-10-2019 00:00,2,2774
30-10-2019 00:00,2,2805
31-10-2019 00:00,2,2806
01-11-2019 00:00,2,2829
02-11-2019 00:00,2,2836
03-11-2019 00:00,2,2841
04-11-2019 00:00,2,2828
05-11-2019 00:00,2,2826
06-11-2019 00:00,2,2856
07-11-2019 00:00,2,2880
08-11-2019 00:00,2,2894
09-11-2019 00:00,2,2882
10-11-2019 00:00,2,2893
11-11-2019 00:00,2,2870
12-11-2019 00:00,2,2872
13-11-2019 00:00,2,2887
14-11-2019 00:00,2,2924
15-11-2019 00:00,2,2906
16-11-2019 00:00,2,2919
17-11-2019 00:00,2,2914
18-11-2019 00:00,2,2902
19-11-2019 00:00,2,2896
20-11-2019 00:00,2,2903
21-11-2019 00:00,2,2936
22-11-2019 00:00,2,2933
23-11-2019 00:00,2,2927
24-11-2019 00:00,2,2883
25-11-2019 00:00,2,2896
26-11-2019 00:00,2,2923
27-11-2019 00:00,2,2925
28-11-2019 00:00,2,2932
29-11-2019 00:00,2,2940
30-11-2019 00:00,2,2937
01-12-2019 00:00,2,2929
02-12-2019 00:00,2,2936
03-12-2019 00:00,2,2949
04-12-2019 00:00,2,2970
05-12-2019 00:00,2,2958
06-12-2019 00:00,2,2972
07-12-2019 00:00,2,2964
08-12-2019 00:00,2,2944
09-12-2019 00:00,2,2940
10-12-2019 00:00,2,2954
11-12-2019 00:00,2,2969
12-12-2019 00:00,2,2967
13-12-2019 00:00,2,2974
14-12-2019 00:00,2,2969
15-12-2019 00:00,2,2962
16-12-2019 00:00,2,2974
17-12-2019 00:00,2,2988
18-12-2019 00:00,2,2993
19-12-2019 00:00,2,3004
20-12-2019 00:00,2,2984
21-12-2019 00:00,2,2993
22-12-2019 00:00,2,2957
23-12-2019 00:00,2,2945
24-12-2019 00:00,2,2944
25-12-2019 00:00,2,2969
26-12-2019 00:00,2,2985
27-12-2019 00:00,2,2972
28-12-2019 00:00,2,2989
29-12-2019 00:00,2,2972
30-12-2019 00:00,2,2968
31-12-2019 00:00,2,2985
01-01-2020 00:00,2,3003
02-01-2020 00:00,2,3014
03-01-2020 00:00,2,3023
04-01-2020 00:00,2,3023
05-01-2020 00:00,2,3007
06-01-2020 00:00,2,3002
07-01-2020 00:00,2,3018
08-01-2020 00:00,2,3021
09-01-2020 00:00,2,3032
10-01-2020 00:00,2,3025
11-01-2020 00:00,2,3034
12-01-2020 00:00,2,3035
13-01-2020 00:00,2,3022
14-01-2020 00:00,2,3033
15-01-2020 00:00,2,3045
16-01-2020 00:00,2,3048
17-01-2020 00:00,2,3061
18-01-2020 00:00,2,3036
19-01-2020 00:00,2,3018
20-01-2020 00:00,2,3016
21-01-2020 00:00,2,3047
22-01-2020 00:00,2,3018
23-01-2020 00:00,2,3023
24-01-2020 00:00,2,3047
25-01-2020 00:00,2,3053
26-01-2020 00:00,2,3041
27-01-2020 00:00,2,3064
28-01-2020 00:00,2,3074
29-01-2020 00:00,2,3081
30-01-2020 00:00,2,3051
31-01-2020 00:00,2,3058
01-02-2020 00:00,2,3081
02-02-2020 00:00,2,3084
03-02-2020 00:00,2,3091
04-02-2020 00:00,2,3100
05-02-2020 00:00,2,3121
06-02-2020 00:00,2,3094
07-02-2020 00:00,2,3090
08-02-2020 00:00,2,3114
09-02-2020 00:00,2,3123
10-02-2020 00:00,2,3138
11-02-2020 00:00,2,3124
12-02-2020 00:00,2,3119
13-02-2020 00:00,2,3080
14-02-2020 00:00,2,3096
15-02-2020 00:00,2,3110
16-02-2020 00:00,2,3099
17-02-2020 00:00,2,3101
18-02-2020 00:00,2,3104
19-02-2020 00:00,2,3106
20-02-2020 00:00,2,3092
21-02-2020 00:00,2,3080
22-02-2020 00:00,2,3123
23-02-2020 00:00,2,3121
24-02-2020 00:00,2,3122
25-02-2020 00:00,2,3138
26-02-2020 00:00,2,3136
27-02-2020 00:00,2,3121
28-02-2020 00:00,2,3130
29-02-2020 00:00,2,3140
01-03-2020 00:00,2,3171
02-03-2020 00:00,2,3177
03-03-2020 00:00,2,3182
04-03-2020 00:00,2,3184
05-03-2020 00:00,2,3195
06-03-2020 00:00,2,3191
07-03-2020 00:00,2,3187
08-03-2020 00:00,2,3180
09-03-2020 00:00,2,3195
10-03-2020 00:00,2,3191
11-03-2020 00:00,2,3187
12-03-2020 00:00,2,3157
13-03-2020 00:00,2,3154
14-03-2020 00:00,2,3139
15-03-2020 00:00,2,3142
16-03-2020 00:00,2,3156
17-03-2020 00:00,2,3171
18-03-2020 00:00,2,3164
19-03-2020 00:00,2,3184
20-03-2020 00:00,2,3174
21-03-2020 00:00,2,3174
22-03-2020 00:00,2,3162
23-03-2020 00:00,2,3162
24-03-2020 00:00,2,3169
25-03-2020 00:00,2,3187
26-03-2020 00:00,2,3190
27-03-2020 00:00,2,3192
28-03-2020 00:00,2,3186
29-03-2020 00:00,2,3161
30-03-2020 00:00,2,3165
31-03-2020 00:00,2,3181
01-04-2020 00:00,2,3185
02-04-2020 00:00,2,3195
03-04-2020 00:00,2,3172
04-04-2020 00:00,2,3181
05-04-2020 00:00,2,3152
06-04-2020 00:00,2,3141
07-04-2020 00:00,2,3157
08-04-2020 00:00,2,3153
09-04-2020 00:00,2,3138
10-04-2020 00:00,2,3108
11-04-2020 00:00,2,3123
12-04-2020 00:00,2,3123
13-04-2020 00:00,2,3117
14-04-2020 00:00,2,3132
15-04-2020 00:00,2,3164
16-04-2020 00:00,2,3134
17-04-2020 00:00,2,3064
18-04-2020 00:00,2,3096
19-04-2020 00:00,2,3100
20-04-2020 00:00,2,3099
21-04-2020 00:00,2,3142
22-04-2020 00:00,2,3168
23-04-2020 00:00,2,3175
24-04-2020 00:00,2,3170
25-04-2020 00:00,2,3185
26-04-2020 00:00,2,3164
27-04-2020 00:00,2,3165
28-04-2020 00:00,2,3177
29-04-2020 00:00,2,3181
30-04-2020 00:00,2,3188
01-05-2020 00:00,2,3188
02-05-2020 00:00,2,3182
03-05-2020 00:00,2,3180
04-05-2020 00:00,2,3149
05-05-2020 00:00,2,3152
06-05-2020 00:00,2,3173
07-05-2020 00:00,2,3171
08-05-2020 00:00,2,3189
09-05-2020 00:00,2,3188
10-05-2020 00:00,2,3158
11-05-2020 00:00,2,3168
12-05-2020 00:00,2,3189
13-05-2020 00:00,2,3190
14-05-2020 00:00,2,3189
15-05-2020 00:00,2,3186
16-05-2020 00:00,2,3195
17-05-2020 00:00,2,3195
18-05-2020 00:00,2,3159
19-05-2020 00:00,2,3154
20-05-2020 00:00,2,3178
21-05-2020 00:00,2,3186
22-05-2020 00:00,2,3177
23-05-2020 00:00,2,3166
24-05-2020 00:00,2,3163
25-05-2020 00:00,2,3174
26-05-2020 00:00,2,3190
27-05-2020 00:00,2,3187
28-05-2020 00:00,2,3191
29-05-2020 00:00,2,3184
30-05-2020 00:00,2,3152
31-05-2020 00:00,2,3168
01-06-2020 00:00,2,3185
02-06-2020 00:00,2,3185
03-06-2020 00:00,2,3199
04-06-2020 00:00,2,3214
05-06-2020 00:00,2,3211
06-06-2020 00:00,2,3194
07-06-2020 00:00,2,3171
08-06-2020 00:00,2,3192
09-06-2020 00:00,2,3197
10-06-2020 00:00,2,3204
11-06-2020 00:00,2,3209
12-06-2020 00:00,2,3209
13-06-2020 00:00,2,3179
14-06-2020 00:00,2,3162
15-06-2020 00:00,2,3187
16-06-2020 00:00,2,3194
17-06-2020 00:00,2,3203
18-06-2020 00:00,2,3200
19-06-2020 00:00,2,3197
20-06-2020 00:00,2,3191
21-06-2020 00:00,2,3179
22-06-2020 00:00,2,3185
23-06-2020 00:00,2,3202
24-06-2020 00:00,2,3207
25-06-2020 00:00,2,3197
26-06-2020 00:00,2,3206
27-06-2020 00:00,2,3210
28-06-2020 00:00,2,3209
29-06-2020 00:00,2,3207
30-06-2020 00:00,2,3197
01-07-2020 00:00,2,3206
02-07-2020 00:00,2,3210
03-07-2020 00:00,2,3209
04-07-2020 00:00,2,3207
05-07-2020 00:00,2,3207
06-07-2020 00:00,2,3189
07-07-2020 00:00,2,3206
08-07-2020 00:00,2,3221
09-07-2020 00:00,2,3227
10-07-2020 00:00,2,3237
11-07-2020 00:00,2,3179
12-07-2020 00:00,2,3223
13-07-2020 00:00,2,3213
14-07-2020 00:00,2,3229
15-07-2020 00:00,2,3221
16-07-2020 00:00,2,3211
17-07-2020 00:00,2,3169
18-07-2020 00:00,2,3189
19-07-2020 00:00,2,3194
20-07-2020 00:00,2,3188
21-07-2020 00:00,2,3193
22-07-2020 00:00,2,3195
23-07-2020 00:00,2,3202
24-07-2020 00:00,2,3217
25-07-2020 00:00,2,3210
26-07-2020 00:00,2,3190
27-07-2020 00:00,2,3195
28-07-2020 00:00,2,3217
29-07-2020 00:00,2,3229
30-07-2020 00:00,2,3235
31-07-2020 00:00,2,3237
01-08-2020 00:00,2,3239
02-08-2020 00:00,2,3220
03-08-2020 00:00,2,3191
04-08-2020 00:00,2,3203
05-08-2020 00:00,2,3224
06-08-2020 00:00,2,3239
07-08-2020 00:00,2,3249
08-08-2020 00:00,2,3222
09-08-2020 00:00,2,3230
10-08-2020 00:00,2,3235
11-08-2020 00:00,2,3262
12-08-2020 00:00,2,3257
13-08-2020 00:00,2,3261
14-08-2020 00:00,2,3234
15-08-2020 00:00,2,3200
16-08-2020 00:00,2,3197
17-08-2020 00:00,2,3215
18-08-2020 00:00,2,3221
19-08-2020 00:00,2,3207
20-08-2020 00:00,2,3231
21-08-2020 00:00,2,3225
22-08-2020 00:00,2,3201
23-08-2020 00:00,2,3206
24-08-2020 00:00,2,3209
25-08-2020 00:00,2,3230
26-08-2020 00:00,2,3242
27-08-2020 00:00,2,3243
28-08-2020 00:00,2,3238
29-08-2020 00:00,2,3256
30-08-2020 00:00,2,3249
31-08-2020 00:00,2,3251
01-09-2020 00:00,2,3254
02-09-2020 00:00,2,3226
03-09-2020 00:00,2,3218
04-09-2020 00:00,2,3205
05-09-2020 00:00,2,3228
06-09-2020 00:00,2,3239
07-09-2020 00:00,2,3250
08-09-2020 00:00,2,3237
09-09-2020 00:00,2,3222
10-09-2020 00:00,2,3227
11-09-2020 00:00,2,3252
12-09-2020 00:00,2,3246
13-09-2020 00:00,2,3250
14-09-2020 00:00,2,3251
15-09-2020 00:00,2,3241
16-09-2020 00:00,2,3245
17-09-2020 00:00,2,3255
18-09-2020 00:00,2,3264
19-09-2020 00:00,2,3274
20-09-2020 00:00,2,3275
21-09-2020 00:00,2,3270
22-09-2020 00:00,2,3256
23-09-2020 00:00,2,3267
24-09-2020 00:00,2,3277
25-09-2020 00:00,2,3286
26-09-2020 00:00,2,3292
27-09-2020 00:00,2,3297
28-09-2020 00:00,2,3286
29-09-2020 00:00,2,3281
30-09-2020 00:00,2,3292
01-10-2020 00:00,2,3292
02-10-2020 00:00,2,3301
03-10-2020 00:00,2,3314
04-10-2020 00:00,2,3318
05-10-2020 00:00,2,3309
06-10-2020 00:00,2,3305
07-10-2020 00:00,2,3302
08-10-2020 00:00,2,3310
09-10-2020 00:00,2,3315
10-10-2020 00:00,2,3315
11-10-2020 00:00,2,3312
12-10-2020 00:00,2,3296
13-10-2020 00:00,2,3280
14-10-2020 00:00,2,3263
15-10-2020 00:00,2,3301
16-10-2020 00:00,2,3312
17-10-2020 00:00,2,3323
18-10-2020 00:00,2,3330
19-10-2020 00:00,2,3332
20-10-2020 00:00,2,3336
21-10-2020 00:00,2,3329
22-10-2020 00:00,2,3333
23-10-2020 00:00,2,3330
24-10-2020 00:00,2,3336
25-10-2020 00:00,2,3343
26-10-2020 00:00,2,3344
27-10-2020 00:00,2,3369
28-10-2020 00:00,2,3347
29-10-2020 00:00,2,3353
30-10-2020 00:00,2,3375
31-10-2020 00:00,2,3378
01-11-2020 00:00,2,3378
02-11-2020 00:00,2,3378
03-11-2020 00:00,2,3378
04-11-2020 00:00,2,3372
05-11-2020 00:00,2,3377
06-11-2020 00:00,2,3380
07-11-2020 00:00,2,3391
08-11-2020 00:00,2,3397
09-11-2020 00:00,2,3403
10-11-2020 00:00,2,3360
11-11-2020 00:00,2,3346
12-11-2020 00:00,2,3377
13-11-2020 00:00,2,3395
14-11-2020 00:00,2,3395
15-11-2020 00:00,2,3396
16-11-2020 00:00,2,3397
17-11-2020 00:00,2,3397
18-11-2020 00:00,2,3384
19-11-2020 00:00,2,3390
20-11-2020 00:00,2,3407
21-11-2020 00:00,2,3411
22-11-2020 00:00,2,3432
23-11-2020 00:00,2,3450
24-11-2020 00:00,2,3460
25-11-2020 00:00,2,3450
26-11-2020 00:00,2,3416
27-11-2020 00:00,2,3444
28-11-2020 00:00,2,3446
29-11-2020 00:00,2,3438
30-11-2020 00:00,2,3462
01-12-2020 00:00,2,3470
02-12-2020 00:00,2,3457
03-12-2020 00:00,2,3444
04-12-2020 00:00,2,3449
05-12-2020 00:00,2,3468
06-12-2020 00:00,2,3467
07-12-2020 00:00,2,3465
08-12-2020 00:00,2,3469
09-12-2020 00:00,2,3453
10-12-2020 00:00,2,3455
11-12-2020 00:00,2,3458
12-12-2020 00:00,2,3472
13-12-2020 00:00,2,3449
14-12-2020 00:00,2,3434
15-12-2020 00:00,2,3444
16-12-2020 00:00,2,3436
17-12-2020 00:00,2,3454
18-12-2020 00:00,2,3432
19-12-2020 00:00,2,3445
20-12-2020 00:00,2,3460
21-12-2020 00:00,2,3487
22-12-2020 00:00,2,3494
23-12-2020 00:00,2,3473
24-12-2020 00:00,2,3473
25-12-2020 00:00,2,3505
26-12-2020 00:00,2,3498
27-12-2020 00:00,2,3514
28-12-2020 00:00,2,3520
29-12-2020 00:00,2,3522
30-12-2020 00:00,2,3491
31-12-2020 00:00,2,3500
01-01-2019 00:00,3,7231
02-01-2019 00:00,3,7201
03-01-2019 00:00,3,7149
04-01-2019 00:00,3,7110
05-01-2019 00:00,3,7230
06-01-2019 00:00,3,7252
07-01-2019 00:00,3,7209
08-01-2019 00:00,3,7229
09-01-2019 00:00,3,7151
10-01-2019 00:00,3,7032
11-01-2019 00:00,3,6949
12-01-2019 00:00,3,6997
13-01-2019 00:00,3,7094
14-01-2019 00:00,3,7110
15-01-2019 00:00,3,7088
16-01-2019 00:00,3,7056
17-01-2019 00:00,3,7156
18-01-2019 00:00,3,7145
19-01-2019 00:00,3,7147
20-01-2019 00:00,3,7166
21-01-2019 00:00,3,7124
22-01-2019 00:00,3,7106
23-01-2019 00:00,3,7098
24-01-2019 00:00,3,7222
25-01-2019 00:00,3,7222
26-01-2019 00:00,3,7221
27-01-2019 00:00,3,7277
28-01-2019 00:00,3,7172
29-01-2019 00:00,3,7185
30-01-2019 00:00,3,7189
31-01-2019 00:00,3,7227
01-02-2019 00:00,3,7280
02-02-2019 00:00,3,7305
03-02-2019 00:00,3,7295
04-02-2019 00:00,3,7287
05-02-2019 00:00,3,7185
06-02-2019 00:00,3,7178
07-02-2019 00:00,3,7264
08-02-2019 00:00,3,7275
09-02-2019 00:00,3,7129
10-02-2019 00:00,3,7073
11-02-2019 00:00,3,6999
12-02-2019 00:00,3,7012
13-02-2019 00:00,3,7092
14-02-2019 00:00,3,7133
15-02-2019 00:00,3,7165
16-02-2019 00:00,3,7192
17-02-2019 00:00,3,7161
18-02-2019 00:00,3,7091
19-02-2019 00:00,3,7081
20-02-2019 00:00,3,7168
21-02-2019 00:00,3,7248
22-02-2019 00:00,3,7251
23-02-2019 00:00,3,7234
24-02-2019 00:00,3,7216
25-02-2019 00:00,3,7156
26-02-2019 00:00,3,7205
27-02-2019 00:00,3,7297
28-02-2019 00:00,3,7296
01-03-2019 00:00,3,7319
02-03-2019 00:00,3,7358
03-03-2019 00:00,3,7356
04-03-2019 00:00,3,7275
05-03-2019 00:00,3,7264
06-03-2019 00:00,3,7350
07-03-2019 00:00,3,7352
08-03-2019 00:00,3,7342
09-03-2019 00:00,3,7282
10-03-2019 00:00,3,7222
11-03-2019 00:00,3,7043
12-03-2019 00:00,3,7031
13-03-2019 00:00,3,7164
14-03-2019 00:00,3,7232
15-03-2019 00:00,3,7278
16-03-2019 00:00,3,7271
17-03-2019 00:00,3,7269
18-03-2019 00:00,3,7200
19-03-2019 00:00,3,7152
20-03-2019 00:00,3,7254
21-03-2019 00:00,3,7306
22-03-2019 00:00,3,7318
23-03-2019 00:00,3,7308
24-03-2019 00:00,3,7283
25-03-2019 00:00,3,7309
26-03-2019 00:00,3,7277
27-03-2019 00:00,3,7203
28-03-2019 00:00,3,7218
29-03-2019 00:00,3,7323
30-03-2019 00:00,3,7347
31-03-2019 00:00,3,7375
01-04-2019 00:00,3,7325
02-04-2019 00:00,3,7166
03-04-2019 00:00,3,7159
04-04-2019 00:00,3,7300
05-04-2019 00:00,3,7305
06-04-2019 00:00,3,7292
07-04-2019 00:00,3,7251
08-04-2019 00:00,3,7246
09-04-2019 00:00,3,7253
10-04-2019 00:00,3,7286
11-04-2019 00:00,3,7389
12-04-2019 00:00,3,7402
13-04-2019 00:00,3,7417
14-04-2019 00:00,3,7395
15-04-2019 00:00,3,7415
16-04-2019 00:00,3,7317
17-04-2019 00:00,3,7333
18-04-2019 00:00,3,7398
19-04-2019 00:00,3,7442
20-04-2019 00:00,3,7441
21-04-2019 00:00,3,7421
22-04-2019 00:00,3,7237
23-04-2019 00:00,3,7210
24-04-2019 00:00,3,7267
25-04-2019 00:00,3,7308
26-04-2019 00:00,3,7201
27-04-2019 00:00,3,7261
28-04-2019 00:00,3,7311
29-04-2019 00:00,3,7281
30-04-2019 00:00,3,7261
01-05-2019 00:00,3,7374
02-05-2019 00:00,3,7337
03-05-2019 00:00,3,7030
04-05-2019 00:00,3,7269
05-05-2019 00:00,3,7289
06-05-2019 00:00,3,7323
07-05-2019 00:00,3,7320
08-05-2019 00:00,3,7386
09-05-2019 00:00,3,7399
10-05-2019 00:00,3,7462
11-05-2019 00:00,3,7423
12-05-2019 00:00,3,7367
13-05-2019 00:00,3,7344
14-05-2019 00:00,3,7332
15-05-2019 00:00,3,7387
16-05-2019 00:00,3,7373
17-05-2019 00:00,3,7386
18-05-2019 00:00,3,7373
19-05-2019 00:00,3,7391
20-05-2019 00:00,3,7330
21-05-2019 00:00,3,7369
22-05-2019 00:00,3,7403
23-05-2019 00:00,3,7459
24-05-2019 00:00,3,7485
25-05-2019 00:00,3,7511
26-05-2019 00:00,3,7557
27-05-2019 00:00,3,7506
28-05-2019 00:00,3,7482
29-05-2019 00:00,3,7540
30-05-2019 00:00,3,7545
31-05-2019 00:00,3,7556
01-06-2019 00:00,3,7578
02-06-2019 00:00,3,7540
03-06-2019 00:00,3,7378
04-06-2019 00:00,3,7371
05-06-2019 00:00,3,7384
06-06-2019 00:00,3,7455
07-06-2019 00:00,3,7463
08-06-2019 00:00,3,7497
09-06-2019 00:00,3,7513
10-06-2019 00:00,3,7452
11-06-2019 00:00,3,7419
12-06-2019 00:00,3,7523
13-06-2019 00:00,3,7577
14-06-2019 00:00,3,7602
15-06-2019 00:00,3,7576
16-06-2019 00:00,3,7594
17-06-2019 00:00,3,7503
18-06-2019 00:00,3,7504
19-06-2019 00:00,3,7567
20-06-2019 00:00,3,7612
21-06-2019 00:00,3,7607
22-06-2019 00:00,3,7605
23-06-2019 00:00,3,7606
24-06-2019 00:00,3,7489
25-06-2019 00:00,3,7552
26-06-2019 00:00,3,7611
27-06-2019 00:00,3,7633
28-06-2019 00:00,3,7614
29-06-2019 00:00,3,7592
30-06-2019 00:00,3,7494
01-07-2019 00:00,3,7448
02-07-2019 00:00,3,7535
03-07-2019 00:00,3,7553
04-07-2019 00:00,3,7555
05-07-2019 00:00,3,7568
06-07-2019 00:00,3,7498
07-07-2019 00:00,3,7457
08-07-2019 00:00,3,7520
09-07-2019 00:00,3,7557
10-07-2019 00:00,3,7513
11-07-2019 00:00,3,7585
12-07-2019 00:00,3,7594
13-07-2019 00:00,3,7491
14-07-2019 00:00,3,7493
15-07-2019 00:00,3,7629
16-07-2019 00:00,3,7652
17-07-2019 00:00,3,7629
18-07-2019 00:00,3,7672
19-07-2019 00:00,3,7620
20-07-2019 00:00,3,7515
21-07-2019 00:00,3,7491
22-07-2019 00:00,3,7624
23-07-2019 00:00,3,7669
24-07-2019 00:00,3,7674
25-07-2019 00:00,3,7658
26-07-2019 00:00,3,7637
27-07-2019 00:00,3,7521
28-07-2019 00:00,3,7554
29-07-2019 00:00,3,7644
30-07-2019 00:00,3,7640
31-07-2019 00:00,3,7558
01-08-2019 00:00,3,7575
02-08-2019 00:00,3,7505
03-08-2019 00:00,3,7460
04-08-2019 00:00,3,7467
05-08-2019 00:00,3,7570
06-08-2019 00:00,3,7592
07-08-2019 00:00,3,7566
08-08-2019 00:00,3,7610
09-08-2019 00:00,3,7560
10-08-2019 00:00,3,7512
11-08-2019 00:00,3,7476
12-08-2019 00:00,3,7568
13-08-2019 00:00,3,7589
14-08-2019 00:00,3,7693
15-08-2019 00:00,3,7681
16-08-2019 00:00,3,7678
17-08-2019 00:00,3,7628
18-08-2019 00:00,3,7572
19-08-2019 00:00,3,7647
20-08-2019 00:00,3,7733
21-08-2019 00:00,3,7726
22-08-2019 00:00,3,7729
23-08-2019 00:00,3,7732
24-08-2019 00:00,3,7627
25-08-2019 00:00,3,7641
26-08-2019 00:00,3,7715
27-08-2019 00:00,3,7741
28-08-2019 00:00,3,7811
29-08-2019 00:00,3,7776
30-08-2019 00:00,3,7630
31-08-2019 00:00,3,7476
01-09-2019 00:00,3,7484
02-09-2019 00:00,3,7613
03-09-2019 00:00,3,7627
04-09-2019 00:00,3,7629
05-09-2019 00:00,3,7637
06-09-2019 00:00,3,7649
07-09-2019 00:00,3,7597
08-09-2019 00:00,3,7553
09-09-2019 00:00,3,7597
10-09-2019 00:00,3,7648
11-09-2019 00:00,3,7677
12-09-2019 00:00,3,7676
13-09-2019 00:00,3,7663
14-09-2019 00:00,3,7530
15-09-2019 00:00,3,7545
16-09-2019 00:00,3,7643
17-09-2019 00:00,3,7621
18-09-2019 00:00,3,7612
19-09-2019 00:00,3,7603
20-09-2019 00:00,3,7619
21-09-2019 00:00,3,7552
22-09-2019 00:00,3,7537
23-09-2019 00:00,3,7514
24-09-2019 00:00,3,7543
25-09-2019 00:00,3,7602
26-09-2019 00:00,3,7591
27-09-2019 00:00,3,7629
28-09-2019 00:00,3,7505
29-09-2019 00:00,3,7542
30-09-2019 00:00,3,7602
01-10-2019 00:00,3,7589
02-10-2019 00:00,3,7595
03-10-2019 00:00,3,7570
04-10-2019 00:00,3,7577
05-10-2019 00:00,3,7494
06-10-2019 00:00,3,7446
07-10-2019 00:00,3,7530
08-10-2019 00:00,3,7602
09-10-2019 00:00,3,7606
10-10-2019 00:00,3,7596
11-10-2019 00:00,3,7563
12-10-2019 00:00,3,7508
13-10-2019 00:00,3,7500
14-10-2019 00:00,3,7528
15-10-2019 00:00,3,7601
16-10-2019 00:00,3,7583
17-10-2019 00:00,3,7591
18-10-2019 00:00,3,7592
19-10-2019 00:00,3,7520
20-10-2019 00:00,3,7538
21-10-2019 00:00,3,7605
22-10-2019 00:00,3,7516
23-10-2019 00:00,3,7504
24-10-2019 00:00,3,7567
25-10-2019 00:00,3,7559
26-10-2019 00:00,3,7514
27-10-2019 00:00,3,7485
28-10-2019 00:00,3,7454
29-10-2019 00:00,3,7463
30-10-2019 00:00,3,7561
31-10-2019 00:00,3,7601
01-11-2019 00:00,3,7622
02-11-2019 00:00,3,7606
03-11-2019 00:00,3,7575
04-11-2019 00:00,3,7551
05-11-2019 00:00,3,7505
06-11-2019 00:00,3,7622
07-11-2019 00:00,3,7657
08-11-2019 00:00,3,7681
09-11-2019 00:00,3,7683
10-11-2019 00:00,3,7644
11-11-2019 00:00,3,7587
12-11-2019 00:00,3,7603
13-11-2019 00:00,3,7682
14-11-2019 00:00,3,7675
15-11-2019 00:00,3,7682
16-11-2019 00:00,3,7705
17-11-2019 00:00,3,7700
18-11-2019 00:00,3,7615
19-11-2019 00:00,3,7563
20-11-2019 00:00,3,7655
21-11-2019 00:00,3,7664
22-11-2019 00:00,3,7655
23-11-2019 00:00,3,7592
24-11-2019 00:00,3,7436
25-11-2019 00:00,3,7462
26-11-2019 00:00,3,7559
27-11-2019 00:00,3,7569
28-11-2019 00:00,3,7599
29-11-2019 00:00,3,7599
30-11-2019 00:00,3,7607
01-12-2019 00:00,3,7539
02-12-2019 00:00,3,7482
03-12-2019 00:00,3,7591
04-12-2019 00:00,3,7628
05-12-2019 00:00,3,7662
06-12-2019 00:00,3,7659
07-12-2019 00:00,3,7648
08-12-2019 00:00,3,7578
09-12-2019 00:00,3,7523
10-12-2019 00:00,3,7600
11-12-2019 00:00,3,7657
12-12-2019 00:00,3,7672
13-12-2019 00:00,3,7667
14-12-2019 00:00,3,7642
15-12-2019 00:00,3,7598
16-12-2019 00:00,3,7587
17-12-2019 00:00,3,7648
18-12-2019 00:00,3,7674
19-12-2019 00:00,3,7691
20-12-2019 00:00,3,7685
21-12-2019 00:00,3,7643
22-12-2019 00:00,3,7533
23-12-2019 00:00,3,7557
24-12-2019 00:00,3,7601
25-12-2019 00:00,3,7636
26-12-2019 00:00,3,7652
27-12-2019 00:00,3,7635
28-12-2019 00:00,3,7657
29-12-2019 00:00,3,7596
30-12-2019 00:00,3,7646
31-12-2019 00:00,3,7701
01-01-2020 00:00,3,7739
02-01-2020 00:00,3,7753
03-01-2020 00:00,3,7708
04-01-2020 00:00,3,7709
05-01-2020 00:00,3,7675
06-01-2020 00:00,3,7678
07-01-2020 00:00,3,7779
08-01-2020 00:00,3,7769
09-01-2020 00:00,3,7790
10-01-2020 00:00,3,7815
11-01-2020 00:00,3,7764
12-01-2020 00:00,3,7768
13-01-2020 00:00,3,7763
14-01-2020 00:00,3,7816
15-01-2020 00:00,3,7818
16-01-2020 00:00,3,7807
17-01-2020 00:00,3,7841
18-01-2020 00:00,3,7801
19-01-2020 00:00,3,7696
20-01-2020 00:00,3,7739
21-01-2020 00:00,3,7800
22-01-2020 00:00,3,7724
23-01-2020 00:00,3,7740
24-01-2020 00:00,3,7855
25-01-2020 00:00,3,7764
26-01-2020 00:00,3,7824
27-01-2020 00:00,3,7871
28-01-2020 00:00,3,7921
29-01-2020 00:00,3,7877
30-01-2020 00:00,3,7825
31-01-2020 00:00,3,7828
01-02-2020 00:00,3,7928
02-02-2020 00:00,3,7941
03-02-2020 00:00,3,7953
04-02-2020 00:00,3,8014
05-02-2020 00:00,3,7993
06-02-2020 00:00,3,7892
07-02-2020 00:00,3,7878
08-02-2020 00:00,3,7974
09-02-2020 00:00,3,7940
10-02-2020 00:00,3,7948
11-02-2020 00:00,3,7958
12-02-2020 00:00,3,7917
13-02-2020 00:00,3,7852
14-02-2020 00:00,3,7886
15-02-2020 00:00,3,7961
16-02-2020 00:00,3,7976
17-02-2020 00:00,3,7975
18-02-2020 00:00,3,7963
19-02-2020 00:00,3,7939
20-02-2020 00:00,3,7932
21-02-2020 00:00,3,7926
22-02-2020 00:00,3,7986
23-02-2020 00:00,3,7999
24-02-2020 00:00,3,8005
25-02-2020 00:00,3,8000
26-02-2020 00:00,3,8050
27-02-2020 00:00,3,7994
28-02-2020 00:00,3,8017
29-02-2020 00:00,3,8061
01-03-2020 00:00,3,8072
02-03-2020 00:00,3,8100
03-03-2020 00:00,3,8123
04-03-2020 00:00,3,8110
05-03-2020 00:00,3,8061
06-03-2020 00:00,3,8042
07-03-2020 00:00,3,8067
08-03-2020 00:00,3,8072
09-03-2020 00:00,3,8061
10-03-2020 00:00,3,8042
11-03-2020 00:00,3,8067
12-03-2020 00:00,3,8108
13-03-2020 00:00,3,8096
14-03-2020 00:00,3,8001
15-03-2020 00:00,3,8055
16-03-2020 00:00,3,8062
17-03-2020 00:00,3,8095
18-03-2020 00:00,3,8098
19-03-2020 00:00,3,8108
20-03-2020 00:00,3,8128
21-03-2020 00:00,3,8121
22-03-2020 00:00,3,8078
23-03-2020 00:00,3,8086
24-03-2020 00:00,3,8139
25-03-2020 00:00,3,8156
26-03-2020 00:00,3,8159
27-03-2020 00:00,3,8142
28-03-2020 00:00,3,8139
29-03-2020 00:00,3,8083
30-03-2020 00:00,3,8064
31-03-2020 00:00,3,8143
01-04-2020 00:00,3,8207
02-04-2020 00:00,3,8200
03-04-2020 00:00,3,8218
04-04-2020 00:00,3,8212
05-04-2020 00:00,3,8183
06-04-2020 00:00,3,8155
07-04-2020 00:00,3,8209
08-04-2020 00:00,3,8204
09-04-2020 00:00,3,8180
10-04-2020 00:00,3,8090
11-04-2020 00:00,3,8125
12-04-2020 00:00,3,8147
13-04-2020 00:00,3,8139
14-04-2020 00:00,3,8190
15-04-2020 00:00,3,8235
16-04-2020 00:00,3,8184
17-04-2020 00:00,3,7936
18-04-2020 00:00,3,8143
19-04-2020 00:00,3,8136
20-04-2020 00:00,3,8148
21-04-2020 00:00,3,8218
22-04-2020 00:00,3,8237
23-04-2020 00:00,3,8276
24-04-2020 00:00,3,8304
25-04-2020 00:00,3,8288
26-04-2020 00:00,3,8202
27-04-2020 00:00,3,8259
28-04-2020 00:00,3,8312
29-04-2020 00:00,3,8332
30-04-2020 00:00,3,8360
01-05-2020 00:00,3,8360
02-05-2020 00:00,3,8356
03-05-2020 00:00,3,8356
04-05-2020 00:00,3,8332
05-05-2020 00:00,3,8378
06-05-2020 00:00,3,8408
07-05-2020 00:00,3,8458
08-05-2020 00:00,3,8449
09-05-2020 00:00,3,8478
10-05-2020 00:00,3,8425
11-05-2020 00:00,3,8428
12-05-2020 00:00,3,8478
13-05-2020 00:00,3,8525
14-05-2020 00:00,3,8538
15-05-2020 00:00,3,8541
16-05-2020 00:00,3,8518
17-05-2020 00:00,3,8518
18-05-2020 00:00,3,8440
19-05-2020 00:00,3,8459
20-05-2020 00:00,3,8476
21-05-2020 00:00,3,8535
22-05-2020 00:00,3,8526
23-05-2020 00:00,3,8512
24-05-2020 00:00,3,8455
25-05-2020 00:00,3,8562
26-05-2020 00:00,3,8581
27-05-2020 00:00,3,8588
28-05-2020 00:00,3,8618
29-05-2020 00:00,3,8589
30-05-2020 00:00,3,8522
31-05-2020 00:00,3,8603
01-06-2020 00:00,3,8638
02-06-2020 00:00,3,8638
03-06-2020 00:00,3,8648
04-06-2020 00:00,3,8672
05-06-2020 00:00,3,8651
06-06-2020 00:00,3,8657
07-06-2020 00:00,3,8605
08-06-2020 00:00,3,8643
09-06-2020 00:00,3,8678
10-06-2020 00:00,3,8692
11-06-2020 00:00,3,8695
12-06-2020 00:00,3,8641
13-06-2020 00:00,3,8590
14-06-2020 00:00,3,8631
15-06-2020 00:00,3,8665
16-06-2020 00:00,3,8656
17-06-2020 00:00,3,8657
18-06-2020 00:00,3,8682
19-06-2020 00:00,3,8664
20-06-2020 00:00,3,8624
21-06-2020 00:00,3,8612
22-06-2020 00:00,3,8654
23-06-2020 00:00,3,8624
24-06-2020 00:00,3,8661
25-06-2020 00:00,3,8612
26-06-2020 00:00,3,8678
27-06-2020 00:00,3,8666
28-06-2020 00:00,3,8699
29-06-2020 00:00,3,8650
30-06-2020 00:00,3,8634
01-07-2020 00:00,3,8590
02-07-2020 00:00,3,8678
03-07-2020 00:00,3,8687
04-07-2020 00:00,3,8688
05-07-2020 00:00,3,8704
06-07-2020 00:00,3,8672
07-07-2020 00:00,3,8621
08-07-2020 00:00,3,8601
09-07-2020 00:00,3,8661
10-07-2020 00:00,3,8672
11-07-2020 00:00,3,8642
12-07-2020 00:00,3,8600
13-07-2020 00:00,3,8542
14-07-2020 00:00,3,8505
15-07-2020 00:00,3,8567
16-07-2020 00:00,3,8628
17-07-2020 00:00,3,8642
18-07-2020 00:00,3,8675
19-07-2020 00:00,3,8709
20-07-2020 00:00,3,8699
21-07-2020 00:00,3,8643
22-07-2020 00:00,3,8618
23-07-2020 00:00,3,8678
24-07-2020 00:00,3,8708
25-07-2020 00:00,3,8698
26-07-2020 00:00,3,8686
27-07-2020 00:00,3,8661
28-07-2020 00:00,3,8584
29-07-2020 00:00,3,8537
30-07-2020 00:00,3,8658
31-07-2020 00:00,3,8681
01-08-2020 00:00,3,8697
02-08-2020 00:00,3,8679
03-08-2020 00:00,3,8628
04-08-2020 00:00,3,8581
05-08-2020 00:00,3,8635
06-08-2020 00:00,3,8645
07-08-2020 00:00,3,8627
08-08-2020 00:00,3,8643
09-08-2020 00:00,3,8621
10-08-2020 00:00,3,8429
11-08-2020 00:00,3,8371
12-08-2020 00:00,3,8546
13-08-2020 00:00,3,8561
14-08-2020 00:00,3,8567
15-08-2020 00:00,3,8612
16-08-2020 00:00,3,8579
17-08-2020 00:00,3,8520
18-08-2020 00:00,3,8540
19-08-2020 00:00,3,8555
20-08-2020 00:00,3,8606
21-08-2020 00:00,3,8587
22-08-2020 00:00,3,8638
23-08-2020 00:00,3,8622
24-08-2020 00:00,3,8643
25-08-2020 00:00,3,8601
26-08-2020 00:00,3,8658
27-08-2020 00:00,3,8672
28-08-2020 00:00,3,8584
29-08-2020 00:00,3,8590
30-08-2020 00:00,3,8630
31-08-2020 00:00,3,8647
01-09-2020 00:00,3,8681
02-09-2020 00:00,3,8681
03-09-2020 00:00,3,8598
04-09-2020 00:00,3,8538
05-09-2020 00:00,3,8618
06-09-2020 00:00,3,8671
07-09-2020 00:00,3,8681
08-09-2020 00:00,3,8680
09-09-2020 00:00,3,8625
10-09-2020 00:00,3,8627
11-09-2020 00:00,3,8566
12-09-2020 00:00,3,8610
13-09-2020 00:00,3,8648
14-09-2020 00:00,3,8612
15-09-2020 00:00,3,8665
16-09-2020 00:00,3,8592
17-09-2020 00:00,3,8568
18-09-2020 00:00,3,8564
19-09-2020 00:00,3,8620
20-09-2020 00:00,3,8684
21-09-2020 00:00,3,8688
22-09-2020 00:00,3,8677
23-09-2020 00:00,3,8674
24-09-2020 00:00,3,8599
25-09-2020 00:00,3,8627
26-09-2020 00:00,3,8633
27-09-2020 00:00,3,8674
28-09-2020 00:00,3,8705
29-09-2020 00:00,3,8705
30-09-2020 00:00,3,8684
01-10-2020 00:00,3,8623
02-10-2020 00:00,3,8666
03-10-2020 00:00,3,8671
04-10-2020 00:00,3,8679
05-10-2020 00:00,3,8679
06-10-2020 00:00,3,8678
07-10-2020 00:00,3,8593
08-10-2020 00:00,3,8558
09-10-2020 00:00,3,8495
10-10-2020 00:00,3,8591
11-10-2020 00:00,3,8625
12-10-2020 00:00,3,8637
13-10-2020 00:00,3,8657
14-10-2020 00:00,3,8665
15-10-2020 00:00,3,8603
16-10-2020 00:00,3,8573
17-10-2020 00:00,3,8619
18-10-2020 00:00,3,8665
19-10-2020 00:00,3,8661
20-10-2020 00:00,3,8690
21-10-2020 00:00,3,8682
22-10-2020 00:00,3,8590
23-10-2020 00:00,3,8568
24-10-2020 00:00,3,8596
25-10-2020 00:00,3,8663
26-10-2020 00:00,3,8683
27-10-2020 00:00,3,8676
28-10-2020 00:00,3,8635
29-10-2020 00:00,3,8570
30-10-2020 00:00,3,8574
31-10-2020 00:00,3,8623
01-11-2020 00:00,3,8654
02-11-2020 00:00,3,8653
03-11-2020 00:00,3,8678
04-11-2020 00:00,3,8659
05-11-2020 00:00,3,8594
06-11-2020 00:00,3,8546
07-11-2020 00:00,3,8587
08-11-2020 00:00,3,8643
09-11-2020 00:00,3,8643
10-11-2020 00:00,3,8627
11-11-2020 00:00,3,8698
12-11-2020 00:00,3,8669
13-11-2020 00:00,3,8567
14-11-2020 00:00,3,8557
15-11-2020 00:00,3,8664
16-11-2020 00:00,3,8705
17-11-2020 00:00,3,8693
18-11-2020 00:00,3,8695
19-11-2020 00:00,3,8685
20-11-2020 00:00,3,8628
21-11-2020 00:00,3,8607
22-11-2020 00:00,3,8667
23-11-2020 00:00,3,8688
24-11-2020 00:00,3,8715
25-11-2020 00:00,3,8688
26-11-2020 00:00,3,8664
27-11-2020 00:00,3,8617
28-11-2020 00:00,3,8567
29-11-2020 00:00,3,8669
30-11-2020 00:00,3,8691
01-12-2020 00:00,3,8678
02-12-2020 00:00,3,8644
03-12-2020 00:00,3,8690
04-12-2020 00:00,3,8624
05-12-2020 00:00,3,8633
06-12-2020 00:00,3,8695
07-12-2020 00:00,3,8738
08-12-2020 00:00,3,8694
09-12-2020 00:00,3,8698
10-12-2020 00:00,3,8681
11-12-2020 00:00,3,8631
12-12-2020 00:00,3,8592
13-12-2020 00:00,3,8633
14-12-2020 00:00,3,8715
15-12-2020 00:00,3,8719
16-12-2020 00:00,3,8738
17-12-2020 00:00,3,8755
18-12-2020 00:00,3,8692
19-12-2020 00:00,3,8710
20-12-2020 00:00,3,8759
21-12-2020 00:00,3,8775
22-12-2020 00:00,3,8786
23-12-2020 00:00,3,8776
24-12-2020 00:00,3,8775
25-12-2020 00:00,3,8754
26-12-2020 00:00,3,8729
27-12-2020 00:00,3,8807
28-12-2020 00:00,3,8812
29-12-2020 00:00,3,8812
30-12-2020 00:00,3,8857
31-12-2020 00:00,3,8871
01-01-2019 00:00,4,3811
02-01-2019 00:00,4,3827
03-01-2019 00:00,4,3826
04-01-2019 00:00,4,3824
05-01-2019 00:00,4,3830
06-01-2019 00:00,4,3841
07-01-2019 00:00,4,3852
08-01-2019 00:00,4,3831
09-01-2019 00:00,4,3840
10-01-2019 00:00,4,3846
11-01-2019 00:00,4,3855
12-01-2019 00:00,4,3871
13-01-2019 00:00,4,3872
14-01-2019 00:00,4,3845
15-01-2019 00:00,4,3845
16-01-2019 00:00,4,3866
17-01-2019 00:00,4,3873
18-01-2019 00:00,4,3870
19-01-2019 00:00,4,3877
20-01-2019 00:00,4,3881
21-01-2019 00:00,4,3871
22-01-2019 00:00,4,3872
23-01-2019 00:00,4,3853
24-01-2019 00:00,4,3860
25-01-2019 00:00,4,3895
26-01-2019 00:00,4,3862
27-01-2019 00:00,4,3856
28-01-2019 00:00,4,3871
29-01-2019 00:00,4,3854
30-01-2019 00:00,4,3852
31-01-2019 00:00,4,3864
01-02-2019 00:00,4,3881
02-02-2019 00:00,4,3881
03-02-2019 00:00,4,3887
04-02-2019 00:00,4,3896
05-02-2019 00:00,4,3900
06-02-2019 00:00,4,3882
07-02-2019 00:00,4,3900
08-02-2019 00:00,4,3912
09-02-2019 00:00,4,3899
10-02-2019 00:00,4,3913
11-02-2019 00:00,4,3906
12-02-2019 00:00,4,3901
13-02-2019 00:00,4,3916
14-02-2019 00:00,4,3919
15-02-2019 00:00,4,3913
16-02-2019 00:00,4,3919
17-02-2019 00:00,4,3926
18-02-2019 00:00,4,3925
19-02-2019 00:00,4,3944
20-02-2019 00:00,4,3961
21-02-2019 00:00,4,3962
22-02-2019 00:00,4,3945
23-02-2019 00:00,4,3932
24-02-2019 00:00,4,3920
25-02-2019 00:00,4,3942
26-02-2019 00:00,4,3940
27-02-2019 00:00,4,3951
28-02-2019 00:00,4,3937
01-03-2019 00:00,4,3910
02-03-2019 00:00,4,3924
03-03-2019 00:00,4,3944
04-03-2019 00:00,4,3938
05-03-2019 00:00,4,3948
06-03-2019 00:00,4,3954
07-03-2019 00:00,4,3968
08-03-2019 00:00,4,3958
09-03-2019 00:00,4,3964
10-03-2019 00:00,4,3970
11-03-2019 00:00,4,3950
12-03-2019 00:00,4,3937
13-03-2019 00:00,4,3930
14-03-2019 00:00,4,3939
15-03-2019 00:00,4,3950
16-03-2019 00:00,4,3976
17-03-2019 00:00,4,3970
18-03-2019 00:00,4,3979
19-03-2019 00:00,4,3972
20-03-2019 00:00,4,3985
21-03-2019 00:00,4,3986
22-03-2019 00:00,4,3987
23-03-2019 00:00,4,3986
24-03-2019 00:00,4,3989
25-03-2019 00:00,4,3982
26-03-2019 00:00,4,3994
27-03-2019 00:00,4,3988
28-03-2019 00:00,4,3989
29-03-2019 00:00,4,3989
30-03-2019 00:00,4,3993
31-03-2019 00:00,4,3979
01-04-2019 00:00,4,3989
02-04-2019 00:00,4,3981
03-04-2019 00:00,4,3973
04-04-2019 00:00,4,3999
05-04-2019 00:00,4,3974
06-04-2019 00:00,4,3963
07-04-2019 00:00,4,3964
08-04-2019 00:00,4,3971
09-04-2019 00:00,4,3956
10-04-2019 00:00,4,3967
11-04-2019 00:00,4,3988
12-04-2019 00:00,4,4001
13-04-2019 00:00,4,3991
14-04-2019 00:00,4,3991
15-04-2019 00:00,4,3983
16-04-2019 00:00,4,3982
17-04-2019 00:00,4,3954
18-04-2019 00:00,4,3947
19-04-2019 00:00,4,3967
20-04-2019 00:00,4,3959
21-04-2019 00:00,4,3974
22-04-2019 00:00,4,3960
23-04-2019 00:00,4,3961
24-04-2019 00:00,4,3958
25-04-2019 00:00,4,3984
26-04-2019 00:00,4,3954
27-04-2019 00:00,4,3960
28-04-2019 00:00,4,3965
29-04-2019 00:00,4,3958
30-04-2019 00:00,4,3955
01-05-2019 00:00,4,3973
02-05-2019 00:00,4,3968
03-05-2019 00:00,4,3956
04-05-2019 00:00,4,3954
05-05-2019 00:00,4,3963
06-05-2019 00:00,4,3968
07-05-2019 00:00,4,3979
08-05-2019 00:00,4,3972
09-05-2019 00:00,4,3975
10-05-2019 00:00,4,3974
11-05-2019 00:00,4,3985
12-05-2019 00:00,4,4013
13-05-2019 00:00,4,3957
14-05-2019 00:00,4,3958
15-05-2019 00:00,4,3971
16-05-2019 00:00,4,3985
17-05-2019 00:00,4,3964
18-05-2019 00:00,4,3959
19-05-2019 00:00,4,3963
20-05-2019 00:00,4,3975
21-05-2019 00:00,4,3962
22-05-2019 00:00,4,3974
23-05-2019 00:00,4,3982
24-05-2019 00:00,4,3997
25-05-2019 00:00,4,3996
26-05-2019 00:00,4,4017
27-05-2019 00:00,4,4016
28-05-2019 00:00,4,4007
29-05-2019 00:00,4,4028
30-05-2019 00:00,4,4026
31-05-2019 00:00,4,4019
01-06-2019 00:00,4,4015
02-06-2019 00:00,4,4024
03-06-2019 00:00,4,3997
04-06-2019 00:00,4,3958
05-06-2019 00:00,4,3966
06-06-2019 00:00,4,3980
07-06-2019 00:00,4,4010
08-06-2019 00:00,4,4022
09-06-2019 00:00,4,4047
10-06-2019 00:00,4,4058
11-06-2019 00:00,4,4043
12-06-2019 00:00,4,4055
13-06-2019 00:00,4,4043
14-06-2019 00:00,4,4034
15-06-2019 00:00,4,4017
16-06-2019 00:00,4,4050
17-06-2019 00:00,4,4038
18-06-2019 00:00,4,4016
19-06-2019 00:00,4,4024
20-06-2019 00:00,4,4032
21-06-2019 00:00,4,4045
22-06-2019 00:00,4,4040
23-06-2019 00:00,4,4005
24-06-2019 00:00,4,4019
25-06-2019 00:00,4,4033
26-06-2019 00:00,4,4030
27-06-2019 00:00,4,4016
28-06-2019 00:00,4,4017
29-06-2019 00:00,4,4027
30-06-2019 00:00,4,4020
01-07-2019 00:00,4,4044
02-07-2019 00:00,4,4022
03-07-2019 00:00,4,4019
04-07-2019 00:00,4,4019
05-07-2019 00:00,4,4026
06-07-2019 00:00,4,4037
07-07-2019 00:00,4,4008
08-07-2019 00:00,4,4025
09-07-2019 00:00,4,4006
10-07-2019 00:00,4,3978
11-07-2019 00:00,4,3972
12-07-2019 00:00,4,3970
13-07-2019 00:00,4,3986
14-07-2019 00:00,4,3960
15-07-2019 00:00,4,3974
16-07-2019 00:00,4,3985
17-07-2019 00:00,4,3963
18-07-2019 00:00,4,3980
19-07-2019 00:00,4,3953
20-07-2019 00:00,4,3963
21-07-2019 00:00,4,3976
22-07-2019 00:00,4,3985
23-07-2019 00:00,4,3979
24-07-2019 00:00,4,3968
25-07-2019 00:00,4,3970
26-07-2019 00:00,4,3964
27-07-2019 00:00,4,3965
28-07-2019 00:00,4,3959
29-07-2019 00:00,4,3959
30-07-2019 00:00,4,3963
31-07-2019 00:00,4,3971
01-08-2019 00:00,4,3974
02-08-2019 00:00,4,3976
03-08-2019 00:00,4,3984
04-08-2019 00:00,4,3973
05-08-2019 00:00,4,3986
06-08-2019 00:00,4,4004
07-08-2019 00:00,4,3996
08-08-2019 00:00,4,4001
09-08-2019 00:00,4,4002
10-08-2019 00:00,4,3998
11-08-2019 00:00,4,3989
12-08-2019 00:00,4,3997
13-08-2019 00:00,4,4003
14-08-2019 00:00,4,3985
15-08-2019 00:00,4,3997
16-08-2019 00:00,4,3986
17-08-2019 00:00,4,3976
18-08-2019 00:00,4,3979
19-08-2019 00:00,4,3983
20-08-2019 00:00,4,3979
21-08-2019 00:00,4,3949
22-08-2019 00:00,4,3936
23-08-2019 00:00,4,3904
24-08-2019 00:00,4,3922
25-08-2019 00:00,4,3930
26-08-2019 00:00,4,3940
27-08-2019 00:00,4,3950
28-08-2019 00:00,4,3943
29-08-2019 00:00,4,3934
30-08-2019 00:00,4,3954
31-08-2019 00:00,4,3963
01-09-2019 00:00,4,3953
02-09-2019 00:00,4,3985
03-09-2019 00:00,4,3993
04-09-2019 00:00,4,3984
05-09-2019 00:00,4,3994
06-09-2019 00:00,4,4005
07-09-2019 00:00,4,4009
08-09-2019 00:00,4,4008
09-09-2019 00:00,4,4026
10-09-2019 00:00,4,4031
11-09-2019 00:00,4,4029
12-09-2019 00:00,4,4027
13-09-2019 00:00,4,4024
14-09-2019 00:00,4,4024
15-09-2019 00:00,4,4035
16-09-2019 00:00,4,4045
17-09-2019 00:00,4,4036
18-09-2019 00:00,4,4032
19-09-2019 00:00,4,4027
20-09-2019 00:00,4,4014
21-09-2019 00:00,4,4016
22-09-2019 00:00,4,3996
23-09-2019 00:00,4,3983
24-09-2019 00:00,4,3973
25-09-2019 00:00,4,3997
26-09-2019 00:00,4,3993
27-09-2019 00:00,4,3981
28-09-2019 00:00,4,3995
29-09-2019 00:00,4,3986
30-09-2019 00:00,4,4005
01-10-2019 00:00,4,4023
02-10-2019 00:00,4,4025
03-10-2019 00:00,4,4026
04-10-2019 00:00,4,4027
05-10-2019 00:00,4,4038
06-10-2019 00:00,4,4042
07-10-2019 00:00,4,4044
08-10-2019 00:00,4,4044
09-10-2019 00:00,4,4019
10-10-2019 00:00,4,4030
11-10-2019 00:00,4,4045
12-10-2019 00:00,4,4042
13-10-2019 00:00,4,4034
14-10-2019 00:00,4,4030
15-10-2019 00:00,4,4035
16-10-2019 00:00,4,4030
17-10-2019 00:00,4,4056
18-10-2019 00:00,4,4053
19-10-2019 00:00,4,4055
20-10-2019 00:00,4,4057
21-10-2019 00:00,4,4048
22-10-2019 00:00,4,4063
23-10-2019 00:00,4,4045
24-10-2019 00:00,4,4055
25-10-2019 00:00,4,4048
26-10-2019 00:00,4,4030
27-10-2019 00:00,4,4041
28-10-2019 00:00,4,4039
29-10-2019 00:00,4,4062
30-10-2019 00:00,4,4051
31-10-2019 00:00,4,4050
01-11-2019 00:00,4,4050
02-11-2019 00:00,4,4070
03-11-2019 00:00,4,4051
04-11-2019 00:00,4,4073
05-11-2019 00:00,4,4092
06-11-2019 00:00,4,4100
07-11-2019 00:00,4,4105
08-11-2019 00:00,4,4097
09-11-2019 00:00,4,4107
10-11-2019 00:00,4,4117
11-11-2019 00:00,4,4120
12-11-2019 00:00,4,4138
13-11-2019 00:00,4,4145
14-11-2019 00:00,4,4142
15-11-2019 00:00,4,4156
16-11-2019 00:00,4,4159
17-11-2019 00:00,4,4160
18-11-2019 00:00,4,4171
19-11-2019 00:00,4,4170
20-11-2019 00:00,4,4172
21-11-2019 00:00,4,4139
22-11-2019 00:00,4,4153
23-11-2019 00:00,4,4152
24-11-2019 00:00,4,4146
25-11-2019 00:00,4,4154
26-11-2019 00:00,4,4178
27-11-2019 00:00,4,4210
28-11-2019 00:00,4,4204
29-11-2019 00:00,4,4214
30-11-2019 00:00,4,4201
01-12-2019 00:00,4,4204
02-12-2019 00:00,4,4171
03-12-2019 00:00,4,4171
04-12-2019 00:00,4,4194
05-12-2019 00:00,4,4194
06-12-2019 00:00,4,4202
07-12-2019 00:00,4,4221
08-12-2019 00:00,4,4231
09-12-2019 00:00,4,4203
10-12-2019 00:00,4,4219
11-12-2019 00:00,4,4203
12-12-2019 00:00,4,4212
13-12-2019 00:00,4,4232
14-12-2019 00:00,4,4235
15-12-2019 00:00,4,4240
16-12-2019 00:00,4,4244
17-12-2019 00:00,4,4253
18-12-2019 00:00,4,4250
19-12-2019 00:00,4,4227
20-12-2019 00:00,4,4234
21-12-2019 00:00,4,4231
22-12-2019 00:00,4,4234
23-12-2019 00:00,4,4230
24-12-2019 00:00,4,4252
25-12-2019 00:00,4,4263
26-12-2019 00:00,4,4284
27-12-2019 00:00,4,4274
28-12-2019 00:00,4,4256
29-12-2019 00:00,4,4259
30-12-2019 00:00,4,4256
31-12-2019 00:00,4,4263
01-01-2020 00:00,4,4309
02-01-2020 00:00,4,4317
03-01-2020 00:00,4,4326
04-01-2020 00:00,4,4314
05-01-2020 00:00,4,4312
06-01-2020 00:00,4,4328
07-01-2020 00:00,4,4355
08-01-2020 00:00,4,4357
09-01-2020 00:00,4,4360
10-01-2020 00:00,4,4380
11-01-2020 00:00,4,4394
12-01-2020 00:00,4,4387
13-01-2020 00:00,4,4393
14-01-2020 00:00,4,4412
15-01-2020 00:00,4,4415
16-01-2020 00:00,4,4404
17-01-2020 00:00,4,4394
18-01-2020 00:00,4,4371
19-01-2020 00:00,4,4383
20-01-2020 00:00,4,4384
21-01-2020 00:00,4,4394
22-01-2020 00:00,4,4369
23-01-2020 00:00,4,4373
24-01-2020 00:00,4,4384
25-01-2020 00:00,4,4409
26-01-2020 00:00,4,4414
27-01-2020 00:00,4,4427
28-01-2020 00:00,4,4432
29-01-2020 00:00,4,4442
30-01-2020 00:00,4,4447
31-01-2020 00:00,4,4442
01-02-2020 00:00,4,4455
02-02-2020 00:00,4,4455
03-02-2020 00:00,4,4437
04-02-2020 00:00,4,4430
05-02-2020 00:00,4,4420
06-02-2020 00:00,4,4438
07-02-2020 00:00,4,4417
08-02-2020 00:00,4,4426
09-02-2020 00:00,4,4436
10-02-2020 00:00,4,4432
11-02-2020 00:00,4,4424
12-02-2020 00:00,4,4434
13-02-2020 00:00,4,4439
14-02-2020 00:00,4,4438
15-02-2020 00:00,4,4428
16-02-2020 00:00,4,4444
17-02-2020 00:00,4,4461
18-02-2020 00:00,4,4447
19-02-2020 00:00,4,4454
20-02-2020 00:00,4,4473
21-02-2020 00:00,4,4493
22-02-2020 00:00,4,4515
23-02-2020 00:00,4,4511
24-02-2020 00:00,4,4505
25-02-2020 00:00,4,4518
26-02-2020 00:00,4,4494
27-02-2020 00:00,4,4493
28-02-2020 00:00,4,4489
29-02-2020 00:00,4,4493
01-03-2020 00:00,4,4510
02-03-2020 00:00,4,4502
03-03-2020 00:00,4,4539
04-03-2020 00:00,4,4518
05-03-2020 00:00,4,4493
06-03-2020 00:00,4,4497
07-03-2020 00:00,4,4464
08-03-2020 00:00,4,4477
09-03-2020 00:00,4,4493
10-03-2020 00:00,4,4497
11-03-2020 00:00,4,4464
12-03-2020 00:00,4,4475
13-03-2020 00:00,4,4488
14-03-2020 00:00,4,4521
15-03-2020 00:00,4,4506
16-03-2020 00:00,4,4524
17-03-2020 00:00,4,4514
18-03-2020 00:00,4,4516
19-03-2020 00:00,4,4504
20-03-2020 00:00,4,4512
21-03-2020 00:00,4,4501
22-03-2020 00:00,4,4501
23-03-2020 00:00,4,4517
24-03-2020 00:00,4,4516
25-03-2020 00:00,4,4526
26-03-2020 00:00,4,4528
27-03-2020 00:00,4,4522
28-03-2020 00:00,4,4530
29-03-2020 00:00,4,4518
30-03-2020 00:00,4,4484
31-03-2020 00:00,4,4487
01-04-2020 00:00,4,4502
02-04-2020 00:00,4,4481
03-04-2020 00:00,4,4487
04-04-2020 00:00,4,4477
05-04-2020 00:00,4,4473
06-04-2020 00:00,4,4483
07-04-2020 00:00,4,4500
08-04-2020 00:00,4,4500
09-04-2020 00:00,4,4481
10-04-2020 00:00,4,4472
11-04-2020 00:00,4,4477
12-04-2020 00:00,4,4486
13-04-2020 00:00,4,4481
14-04-2020 00:00,4,4473
15-04-2020 00:00,4,4478
16-04-2020 00:00,4,4472
17-04-2020 00:00,4,4480
18-04-2020 00:00,4,4479
19-04-2020 00:00,4,4457
20-04-2020 00:00,4,4460
21-04-2020 00:00,4,4474
22-04-2020 00:00,4,4490
23-04-2020 00:00,4,4490
24-04-2020 00:00,4,4517
25-04-2020 00:00,4,4533
26-04-2020 00:00,4,4556
27-04-2020 00:00,4,4567
28-04-2020 00:00,4,4570
29-04-2020 00:00,4,4571
30-04-2020 00:00,4,4575
01-05-2020 00:00,4,4582
02-05-2020 00:00,4,4597
03-05-2020 00:00,4,4578
04-05-2020 00:00,4,4566
05-05-2020 00:00,4,4571
06-05-2020 00:00,4,4573
07-05-2020 00:00,4,4580
08-05-2020 00:00,4,4575
09-05-2020 00:00,4,4572
10-05-2020 00:00,4,4562
11-05-2020 00:00,4,4564
12-05-2020 00:00,4,4576
13-05-2020 00:00,4,4555
14-05-2020 00:00,4,4568
15-05-2020 00:00,4,4574
16-05-2020 00:00,4,4549
17-05-2020 00:00,4,4549
18-05-2020 00:00,4,4564
19-05-2020 00:00,4,4550
20-05-2020 00:00,4,4568
21-05-2020 00:00,4,4598
22-05-2020 00:00,4,4563
23-05-2020 00:00,4,4574
24-05-2020 00:00,4,4558
25-05-2020 00:00,4,4570
26-05-2020 00:00,4,4559
27-05-2020 00:00,4,4576
28-05-2020 00:00,4,4565
29-05-2020 00:00,4,4576
30-05-2020 00:00,4,4580
31-05-2020 00:00,4,4590
01-06-2020 00:00,4,4606
02-06-2020 00:00,4,4606
03-06-2020 00:00,4,4598
04-06-2020 00:00,4,4599
05-06-2020 00:00,4,4592
06-06-2020 00:00,4,4585
07-06-2020 00:00,4,4560
08-06-2020 00:00,4,4560
09-06-2020 00:00,4,4565
10-06-2020 00:00,4,4573
11-06-2020 00:00,4,4563
12-06-2020 00:00,4,4537
13-06-2020 00:00,4,4551
14-06-2020 00:00,4,4543
15-06-2020 00:00,4,4555
16-06-2020 00:00,4,4566
17-06-2020 00:00,4,4545
18-06-2020 00:00,4,4549
19-06-2020 00:00,4,4552
20-06-2020 00:00,4,4565
21-06-2020 00:00,4,4572
22-06-2020 00:00,4,4562
23-06-2020 00:00,4,4568
24-06-2020 00:00,4,4526
25-06-2020 00:00,4,4545
26-06-2020 00:00,4,4537
27-06-2020 00:00,4,4545
28-06-2020 00:00,4,4552
29-06-2020 00:00,4,4566
30-06-2020 00:00,4,4578
01-07-2020 00:00,4,4573
02-07-2020 00:00,4,4571
03-07-2020 00:00,4,4576
04-07-2020 00:00,4,4567
05-07-2020 00:00,4,4574
06-07-2020 00:00,4,4569
07-07-2020 00:00,4,4558
08-07-2020 00:00,4,4557
09-07-2020 00:00,4,4568
10-07-2020 00:00,4,4562
11-07-2020 00:00,4,4549
12-07-2020 00:00,4,4564
13-07-2020 00:00,4,4561
14-07-2020 00:00,4,4561
15-07-2020 00:00,4,4572
16-07-2020 00:00,4,4563
17-07-2020 00:00,4,4547
18-07-2020 00:00,4,4546
19-07-2020 00:00,4,4556
20-07-2020 00:00,4,4536
21-07-2020 00:00,4,4520
22-07-2020 00:00,4,4500
23-07-2020 00:00,4,4500
24-07-2020 00:00,4,4490
25-07-2020 00:00,4,4517
26-07-2020 00:00,4,4530
27-07-2020 00:00,4,4492
28-07-2020 00:00,4,4504
29-07-2020 00:00,4,4483
30-07-2020 00:00,4,4487
31-07-2020 00:00,4,4503
01-08-2020 00:00,4,4504
02-08-2020 00:00,4,4508
03-08-2020 00:00,4,4505
04-08-2020 00:00,4,4497
05-08-2020 00:00,4,4487
06-08-2020 00:00,4,4476
07-08-2020 00:00,4,4482
08-08-2020 00:00,4,4463
09-08-2020 00:00,4,4469
10-08-2020 00:00,4,4467
11-08-2020 00:00,4,4473
12-08-2020 00:00,4,4471
13-08-2020 00:00,4,4498
14-08-2020 00:00,4,4506
15-08-2020 00:00,4,4522
16-08-2020 00:00,4,4502
17-08-2020 00:00,4,4508
18-08-2020 00:00,4,4510
19-08-2020 00:00,4,4516
20-08-2020 00:00,4,4522
21-08-2020 00:00,4,4508
22-08-2020 00:00,4,4510
23-08-2020 00:00,4,4501
24-08-2020 00:00,4,4513
25-08-2020 00:00,4,4505
26-08-2020 00:00,4,4529
27-08-2020 00:00,4,4513
28-08-2020 00:00,4,4538
29-08-2020 00:00,4,4532
30-08-2020 00:00,4,4528
31-08-2020 00:00,4,4520
01-09-2020 00:00,4,4519
02-09-2020 00:00,4,4499
03-09-2020 00:00,4,4504
04-09-2020 00:00,4,4511
05-09-2020 00:00,4,4517
06-09-2020 00:00,4,4512
07-09-2020 00:00,4,4507
08-09-2020 00:00,4,4512
09-09-2020 00:00,4,4516
10-09-2020 00:00,4,4507
11-09-2020 00:00,4,4506
12-09-2020 00:00,4,4486
13-09-2020 00:00,4,4486
14-09-2020 00:00,4,4484
15-09-2020 00:00,4,4494
16-09-2020 00:00,4,4506
17-09-2020 00:00,4,4505
18-09-2020 00:00,4,4493
19-09-2020 00:00,4,4493
20-09-2020 00:00,4,4490
21-09-2020 00:00,4,4464
22-09-2020 00:00,4,4454
23-09-2020 00:00,4,4461
24-09-2020 00:00,4,4469
25-09-2020 00:00,4,4467
26-09-2020 00:00,4,4466
27-09-2020 00:00,4,4484
28-09-2020 00:00,4,4481
29-09-2020 00:00,4,4466
30-09-2020 00:00,4,4471
01-10-2020 00:00,4,4468
02-10-2020 00:00,4,4471
03-10-2020 00:00,4,4482
04-10-2020 00:00,4,4481
05-10-2020 00:00,4,4481
06-10-2020 00:00,4,4467
07-10-2020 00:00,4,4462
08-10-2020 00:00,4,4460
09-10-2020 00:00,4,4466
10-10-2020 00:00,4,4458
11-10-2020 00:00,4,4468
12-10-2020 00:00,4,4462
13-10-2020 00:00,4,4484
14-10-2020 00:00,4,4477
15-10-2020 00:00,4,4462
16-10-2020 00:00,4,4461
17-10-2020 00:00,4,4455
18-10-2020 00:00,4,4479
19-10-2020 00:00,4,4470
20-10-2020 00:00,4,4473
21-10-2020 00:00,4,4466
22-10-2020 00:00,4,4467
23-10-2020 00:00,4,4464
24-10-2020 00:00,4,4470
25-10-2020 00:00,4,4462
26-10-2020 00:00,4,4444
27-10-2020 00:00,4,4429
28-10-2020 00:00,4,4429
29-10-2020 00:00,4,4406
30-10-2020 00:00,4,4380
31-10-2020 00:00,4,4379
01-11-2020 00:00,4,4389
02-11-2020 00:00,4,4386
03-11-2020 00:00,4,4413
04-11-2020 00:00,4,4417
05-11-2020 00:00,4,4433
06-11-2020 00:00,4,4437
07-11-2020 00:00,4,4438
08-11-2020 00:00,4,4457
09-11-2020 00:00,4,4457
10-11-2020 00:00,4,4439
11-11-2020 00:00,4,4423
12-11-2020 00:00,4,4432
13-11-2020 00:00,4,4435
14-11-2020 00:00,4,4442
15-11-2020 00:00,4,4444
16-11-2020 00:00,4,4471
17-11-2020 00:00,4,4467
18-11-2020 00:00,4,4476
19-11-2020 00:00,4,4489
20-11-2020 00:00,4,4484
21-11-2020 00:00,4,4472
22-11-2020 00:00,4,4479
23-11-2020 00:00,4,4479
24-11-2020 00:00,4,4466
25-11-2020 00:00,4,4482
26-11-2020 00:00,4,4469
27-11-2020 00:00,4,4460
28-11-2020 00:00,4,4459
29-11-2020 00:00,4,4458
30-11-2020 00:00,4,4466
01-12-2020 00:00,4,4453
02-12-2020 00:00,4,4460
03-12-2020 00:00,4,4467
04-12-2020 00:00,4,4467
05-12-2020 00:00,4,4463
06-12-2020 00:00,4,4469
07-12-2020 00:00,4,4470
08-12-2020 00:00,4,4464
09-12-2020 00:00,4,4451
10-12-2020 00:00,4,4458
11-12-2020 00:00,4,4468
12-12-2020 00:00,4,4473
13-12-2020 00:00,4,4467
14-12-2020 00:00,4,4473
15-12-2020 00:00,4,4477
16-12-2020 00:00,4,4487
17-12-2020 00:00,4,4490
18-12-2020 00:00,4,4476
19-12-2020 00:00,4,4444
20-12-2020 00:00,4,4450
21-12-2020 00:00,4,4472
22-12-2020 00:00,4,4481
23-12-2020 00:00,4,4477
24-12-2020 00:00,4,4477
25-12-2020 00:00,4,4497
26-12-2020 00:00,4,4490
27-12-2020 00:00,4,4488
28-12-2020 00:00,4,4491
29-12-2020 00:00,4,4491
30-12-2020 00:00,4,4498
31-12-2020 00:00,4,4520
